,dienophile,diene,ΔG TS_endo_1,ΔG TS_endo_2,ΔG TS_exo_1,ΔG TS_exo_2,ΔG Product_endo_1,ΔG Product_endo_2,ΔG Product_exo_1,ΔG Product_exo_2,pz_pop_C1_D,pz_pop_C2_D,pz_pop_C3_D,pz_pop_C4_D,LUMO_D,HOMO_D,Sigma p_1_D,Sigma p_4_D,Sigma p_2_D,Sigma p_3_D,NBO_1_D,NBO_2_D,NBO_3_D,NBO_4_D,sterio_D_1,sterio_D_2,sterio_D_3,sterio_D_4,Volume_D_1,Volume_D_4,Volume_D_2,Volume_D_3,pz_pop_C1_dPh,pz_pop_C2_dPh,LUMO_dPh,HOMO_dPh,Sigma_P_1dPh,Sigma_P_2dPh,NBO_1dPh,NBO_2_dPh,sterio_dPh_1,sterio_dPh_2,Volume_dPh_1,Volume_dPh_2,LUMO_D - HOMO_dPh,LUMO_dPh - HOMO_D,Min(TS_1),Min(TS_2),Min_TSـall,Min(TS_1) - Min(TS_2),Min(Product_1),Min(Product_2),Min(Product_1) - Min(Product_2),min_gap,target_raw,target_scaled
521,1_3,1_2_4_7,49.877,45.944,53.983,50.934,-13.135,-13.299,-13.432,-16.086,1.074,1.091,0.998,1.059,-0.243,-7.245,0.06,-0.01,-0.2,-0.27,0.255,0.226,-0.173,0.328,1.08,2.25,1.53,2.7,98.427,636.378,642.238,334.486,1.104,1.048,1.779,-7.75,0.06,-0.27,0.121,0.017,1.08,1.53,98.427,334.486,7.507,9.024,49.877,45.944,45.944,3.933,-13.432,-16.086,2.655,7.507,45.944,0.6781997011850034
737,2_7,3_6_3_1,33.879,31.208,35.337,33.023,-9.689,-19.896,-12.151,-20.851,1.058,1.009,1.164,0.982,0.496,-7.532,-0.27,0.06,0.0,0.06,0.134,0.231,0.31,-0.431,1.53,1.0,1.08,1.08,334.486,98.427,60.96,98.427,1.095,0.903,-1.149,-8.015,0.66,-0.01,-0.373,-0.136,1.02,2.7,164.182,636.378,8.511,6.382,33.879,31.208,31.208,2.671,-12.151,-20.851,8.7,6.382,31.208,-0.8046686701054931
740,3_4,4_6_2_4,43.231,43.508,43.039,43.674,-9.795,-9.369,-11.476,-20.953,1.015,1.01,1.103,1.09,0.701,-7.332,-0.17,-0.17,0.0,-0.2,-0.218,0.235,-0.057,-0.267,1.5,1.0,2.25,1.5,185.535,185.535,60.96,642.238,1.007,1.095,1.831,-7.467,-0.27,-0.17,0.106,-0.335,1.53,1.5,334.486,185.535,8.169,9.163,43.039,43.508,43.039,-0.469,-11.476,-20.953,9.476,8.169,43.039,0.3858725690868157
660,5_9,1_4_4_4,44.948,42.545,47.244,42.494,-2.308,-20.233,-17.729,-19.118,1.075,1.05,1.026,1.058,0.686,-7.443,0.06,-0.17,-0.27,-0.27,0.189,0.23,0.159,0.233,1.08,1.53,1.53,1.5,98.427,185.535,334.486,334.486,0.876,1.056,-0.708,-8.875,-0.2,0.42,-0.122,-0.373,2.25,1.1,642.238,291.269,9.561,6.735,44.948,42.494,42.494,2.454,-17.729,-20.233,2.504,6.735,42.494,0.3310297852680506
411,3_3,3_6_1_8,36.179,36.179,35.979,35.979,-16.244,-16.244,-13.489,-13.489,0.935,1.156,0.992,1.032,-1.557,-7.745,-0.27,0.45,0.0,0.66,0.22,0.232,-0.378,-0.093,1.53,1.0,1.02,1.75,334.486,467.957,60.96,164.182,1.074,1.074,1.92,-7.114,-0.27,-0.27,0.023,0.023,1.53,1.53,334.486,334.486,5.557,9.665,35.979,35.979,35.979,0.0,-16.244,-16.244,0.0,5.557,35.979,-0.3245678965287452
678,5_8,2_6_6_1,39.152,38.444,39.09,38.852,-7.378,-7.319,-19.802,-19.639,0.949,1.098,0.921,1.113,-1.001,-8.259,0.66,0.06,0.0,0.0,0.294,0.226,-0.394,-0.148,1.02,1.0,1.0,1.08,164.182,98.427,60.96,60.96,0.871,1.076,-0.346,-8.89,-0.2,0.45,-0.115,-0.378,2.25,1.75,642.238,467.957,7.889,7.913,39.09,38.444,38.444,0.646,-19.802,-19.639,-0.163,7.889,38.444,-0.0765175073301107
626,4_9,2_1_2_6,33.655,31.524,32.92,33.359,-16.682,-17.795,-16.767,-18.351,1.013,0.994,1.044,1.011,-1.764,-8.71,0.66,0.0,0.66,-0.2,-0.265,0.316,-0.076,-0.049,1.02,1.02,2.25,1.0,164.182,60.96,164.182,642.238,0.875,1.066,-0.546,-8.904,-0.17,0.42,-0.127,-0.385,1.5,1.1,185.535,291.269,7.139,8.164,32.92,31.524,31.524,1.396,-16.767,-18.351,1.583,7.139,31.524,-0.7728699183867227
513,5_8,3_3_4_3,43.096,41.688,44.486,43.142,-2.461,-0.614,-14.033,-15.92,1.086,0.918,1.107,1.004,0.783,-6.906,-0.27,-0.27,0.06,-0.27,0.063,0.239,0.272,0.146,1.53,1.08,1.53,1.53,334.486,334.486,98.427,334.486,0.871,1.076,-0.346,-8.89,-0.2,0.45,-0.115,-0.378,2.25,1.75,642.238,467.957,9.672,6.56,43.096,41.688,41.688,1.408,-14.033,-15.92,1.887,6.56,41.688,0.24992284259295994
859,6_8,1_6_3_2,30.96,31.937,31.673,31.37,-25.415,-16.944,-18.836,-24.44,0.941,1.128,0.902,1.166,-1.026,-8.464,0.06,0.66,0.0,0.06,0.321,0.234,-0.44,0.511,1.08,1.0,1.08,1.02,98.427,164.182,60.96,98.427,0.895,1.043,-0.348,-9.411,0.0,0.45,-0.35,-0.368,1.0,1.75,60.96,467.957,8.385,8.116,30.96,31.37,30.96,-0.41,-25.415,-24.44,-0.975,8.116,30.96,-0.8296246524670593
136,2_3,2_6_6_5,40.006,44.231,43.927,45.501,-9.214,-2.136,-10.828,-4.208,1.116,0.906,1.06,0.929,-0.933,-7.994,0.66,-0.2,0.0,0.0,-0.387,0.289,-0.14,-0.308,1.02,1.0,1.0,2.25,164.182,642.238,60.96,60.96,1.209,0.871,0.011,-8.258,0.66,-0.27,-0.5,0.238,1.02,1.53,164.182,334.486,7.325,8.004,40.006,44.231,40.006,-4.226,-10.828,-4.208,-6.619,7.325,40.006,0.08066492996330347
811,4_4,4_6_1_2,31.897,31.897,33.561,33.561,-14.206,-14.206,-22.85,-22.85,1.023,0.987,1.088,0.937,-1.884,-8.401,-0.17,0.66,0.0,0.66,-0.285,0.312,-0.083,-0.294,1.5,1.0,1.02,1.02,185.535,164.182,60.96,164.182,1.012,1.013,1.714,-8.088,-0.17,-0.17,-0.243,-0.243,1.5,1.5,185.535,185.535,6.204,10.116,31.897,31.897,31.897,0.0,-22.85,-22.85,0.0,6.204,31.897,-0.735335315883238
76,2_9,5_2_4_9,51.906,47.69,46.487,53.565,6.614,1.797,8.937,2.656,0.974,1.031,0.803,1.204,-0.322,-7.94,-0.2,0.42,-0.2,-0.27,-0.177,0.242,-0.064,0.441,2.25,2.25,1.53,1.1,642.238,291.269,642.238,334.486,0.993,0.929,-1.74,-9.532,0.66,0.42,-0.296,-0.254,1.02,1.1,164.182,291.269,9.209,6.2,46.487,47.69,46.487,-1.203,6.614,1.797,4.816,6.2,46.487,0.7328412270814976
636,4_8,4_1_6_2,33.104,34.744,34.055,37.244,-12.052,-11.036,-18.307,-18.528,1.099,0.945,1.135,0.822,-1.443,-8.423,-0.17,0.66,0.66,0.0,-0.358,0.296,-0.134,-0.235,1.5,1.02,1.0,1.02,185.535,164.182,164.182,60.96,0.873,1.087,-0.165,-8.898,-0.17,0.45,-0.122,-0.391,1.5,1.75,185.535,467.957,7.455,8.258,33.104,34.744,33.104,-1.641,-18.307,-18.528,0.221,7.455,33.104,-0.6138761597928722
973,1_1,3_3_1_2,32.698,32.698,33.974,33.974,-29.418,-29.418,-30.828,-30.828,1.041,1.015,1.131,0.951,-2.005,-7.849,-0.27,0.66,0.06,0.66,-0.289,0.315,-0.132,0.301,1.53,1.08,1.02,1.02,334.486,164.182,98.427,164.182,1.061,1.061,1.545,-8.806,0.06,0.06,0.124,0.124,1.08,1.08,98.427,98.427,6.801,9.394,32.698,32.698,32.698,0.0,-30.828,-30.828,0.0,6.801,32.698,-0.6547315180138236
938,3_3,1_1_1_8,23.853,23.853,24.611,24.611,-25.327,-25.327,-28.194,-28.194,0.906,1.164,1.027,0.959,-2.008,-9.091,0.06,0.45,0.66,0.66,0.402,0.258,-0.278,-0.092,1.08,1.02,1.02,1.75,98.427,467.957,164.182,164.182,1.074,1.074,1.92,-7.114,-0.27,-0.27,0.023,0.023,1.53,1.53,334.486,334.486,5.106,11.011,23.853,23.853,23.853,0.0,-28.194,-28.194,0.0,5.106,23.853,-1.5447946792559812
899,1_6,2_6_3_4,34.528,34.124,35.216,34.634,-26.235,-24.597,-27.034,-25.788,1.076,0.915,1.056,0.974,-1.222,-8.006,0.66,-0.17,0.0,0.06,-0.358,0.295,-0.199,0.356,1.02,1.0,1.08,1.5,164.182,185.535,60.96,98.427,0.983,1.082,1.33,-8.949,0.06,0.0,0.223,-0.568,1.08,1.0,98.427,60.96,7.727,9.336,34.528,34.124,34.124,0.405,-27.034,-25.788,-1.246,7.727,34.124,-0.5112346194348164
280,3_9,2_1_2_8,35.507,39.155,38.174,41.92,-7.784,-8.416,-8.619,-10.026,1.122,1.038,0.945,1.033,-1.813,-9.053,0.66,0.45,0.66,-0.2,-0.257,0.32,-0.077,0.049,1.02,1.02,2.25,1.75,164.182,467.957,164.182,642.238,0.875,1.158,-0.377,-8.19,-0.27,0.42,0.224,-0.481,1.53,1.1,334.486,291.269,6.377,8.676,35.507,39.155,35.507,-3.647,-8.619,-10.026,1.407,6.377,35.507,-0.3720647661846298
883,5_6,1_1_6_6,32.314,34.797,32.575,34.819,-31.497,-21.594,-26.059,-25.328,0.887,1.146,1.081,1.045,-0.673,-8.478,0.06,0.0,0.66,0.0,0.357,0.246,-0.293,-0.257,1.08,1.02,1.0,1.0,98.427,60.96,164.182,60.96,0.973,1.035,1.346,-8.569,-0.2,0.0,-0.219,-0.469,2.25,1.0,642.238,60.96,7.895,9.825,32.314,34.797,32.314,-2.483,-31.497,-25.328,-6.168,7.895,32.314,-0.6933730390897975
761,5_8,1_6_4_7,39.953,39.231,41.649,39.607,-8.92,-18.085,-24.225,-21.504,1.055,1.146,0.981,1.11,-0.323,-6.873,0.06,-0.01,0.0,-0.27,0.274,0.225,-0.413,0.334,1.08,1.0,1.53,2.7,98.427,636.378,60.96,334.486,0.871,1.076,-0.346,-8.89,-0.2,0.45,-0.115,-0.378,2.25,1.75,642.238,467.957,8.567,6.526,39.953,39.231,39.231,0.722,-24.225,-21.504,-2.721,6.526,39.231,0.0026774850834085074
319,4_6,2_3_2_7,42.195,39.465,40.795,39.41,-5.807,-10.634,-9.568,-11.05,1.194,0.811,1.026,0.959,-0.686,-8.126,0.66,-0.01,0.06,-0.2,-0.463,0.312,0.526,-0.091,1.02,1.08,2.25,2.7,164.182,636.378,98.427,642.238,0.975,1.037,1.376,-8.571,-0.17,0.0,-0.226,-0.472,1.5,1.0,185.535,60.96,7.885,9.501,40.795,39.41,39.41,1.385,-9.568,-11.05,1.482,7.885,39.41,0.020690069126635388
549,9_9,3_4_1_4,26.485,26.485,28.65,28.65,-14.068,-14.068,-16.58,-16.58,1.002,1.121,1.109,0.984,-0.417,-7.27,-0.27,-0.17,-0.27,0.66,0.108,0.234,0.206,-0.24,1.53,1.53,1.02,1.5,334.486,185.535,334.486,164.182,0.947,0.946,-1.736,-9.188,0.42,0.42,-0.281,-0.281,1.1,1.1,291.269,291.269,8.772,5.535,26.485,26.485,26.485,0.0,-16.58,-16.58,0.0,5.535,26.485,-1.279939253547744
174,7_7,2_2_1_4,43.359,43.359,42.678,42.678,-3.219,-3.219,-6.282,-6.282,1.103,0.909,1.118,0.956,-0.943,-8.527,0.66,-0.17,-0.2,0.66,-0.365,0.302,0.091,-0.214,1.02,2.25,1.02,1.5,164.182,185.535,642.238,164.182,1.002,1.002,-0.542,-7.282,-0.01,-0.01,-0.228,-0.228,2.7,2.7,636.378,636.378,6.339,7.986,42.678,42.678,42.678,0.0,-6.282,-6.282,0.0,6.339,42.678,0.3495455141169545
371,4_6,2_6_4_9,39.761,34.097,34.873,36.951,-12.666,-11.579,-12.402,-12.536,1.1,1.021,0.901,1.125,-1.706,-8.127,0.66,0.42,0.0,-0.27,-0.314,0.303,-0.213,0.39,1.02,1.0,1.53,1.1,164.182,291.269,60.96,334.486,0.975,1.037,1.376,-8.571,-0.17,0.0,-0.226,-0.472,1.5,1.0,185.535,60.96,6.865,9.502,34.873,34.097,34.097,0.776,-12.666,-12.536,-0.129,6.865,34.097,-0.5139516013854709
527,6_9,4_6_3_4,28.67,29.643,29.577,31.353,-15.407,-15.211,-16.003,-16.159,1.057,1.018,1.075,0.987,0.269,-7.513,-0.17,-0.17,0.0,0.06,-0.306,0.254,0.385,-0.334,1.5,1.0,1.08,1.5,185.535,185.535,60.96,98.427,0.896,1.023,-0.657,-9.131,0.0,0.42,-0.355,-0.364,1.0,1.1,60.96,291.269,9.399,6.856,28.67,29.643,28.67,-0.973,-16.003,-16.159,0.155,6.856,28.67,-1.0600649734670073
210,3_9,4_2_6_8,34.172,42.047,40.865,38.468,-7.983,-7.232,-9.174,-7.771,0.972,1.031,0.977,1.128,-0.565,-7.723,-0.17,0.45,-0.2,0.0,-0.175,0.241,-0.079,-0.142,1.5,2.25,1.0,1.75,185.535,467.957,642.238,60.96,0.875,1.158,-0.377,-8.19,-0.27,0.42,0.224,-0.481,1.53,1.1,334.486,291.269,7.625,7.346,34.172,38.468,34.172,-4.297,-9.174,-7.771,-1.404,7.346,34.172,-0.5064044293003203
235,3_9,2_4_1_9,38.294,30.254,40.201,32.681,-7.045,-6.925,-13.371,-8.517,1.139,0.928,1.046,0.955,-2.361,-8.712,0.66,0.42,-0.27,0.66,-0.405,0.311,0.408,-0.163,1.02,1.53,1.02,1.1,164.182,291.269,334.486,164.182,0.875,1.158,-0.377,-8.19,-0.27,0.42,0.224,-0.481,1.53,1.1,334.486,291.269,5.829,8.335,38.294,30.254,30.254,8.04,-13.371,-8.517,-4.853,5.829,30.254,-0.9006686990286153
101,5_8,4_1_1_3,41.367,41.042,42.884,44.206,-0.846,1.107,-7.919,-0.434,0.881,1.211,1.117,0.936,-0.695,-7.932,-0.17,-0.27,0.66,0.66,0.278,0.25,-0.288,-0.191,1.5,1.02,1.02,1.53,185.535,334.486,164.182,164.182,0.871,1.076,-0.346,-8.89,-0.2,0.45,-0.115,-0.378,2.25,1.75,642.238,467.957,8.195,7.586,41.367,41.042,41.042,0.325,-7.919,-0.434,-7.484,7.586,41.042,0.1849165336995247
986,4_6,1_1_6_6,29.918,30.353,30.168,31.356,-33.757,-27.367,-32.522,-33.776,0.887,1.146,1.081,1.045,-0.673,-8.478,0.06,0.0,0.66,0.0,0.357,0.246,-0.293,-0.257,1.08,1.02,1.0,1.0,98.427,60.96,164.182,60.96,0.975,1.037,1.376,-8.571,-0.17,0.0,-0.226,-0.472,1.5,1.0,185.535,60.96,7.897,9.854,29.918,30.353,29.918,-0.436,-33.757,-33.776,0.019,7.897,29.918,-0.9344800299700927
902,4_9,1_6_1_1,31.668,32.156,32.806,32.737,-20.34,-19.848,-21.726,-25.927,0.888,1.15,1.147,1.041,-0.592,-8.497,0.06,0.06,0.0,0.66,0.351,0.247,-0.286,-0.358,1.08,1.0,1.02,1.08,98.427,98.427,60.96,164.182,0.875,1.066,-0.546,-8.904,-0.17,0.42,-0.127,-0.385,1.5,1.1,185.535,291.269,8.312,7.951,31.668,32.156,31.668,-0.488,-21.726,-25.927,4.201,7.951,31.668,-0.7583793479832327
947,3_6,4_3_3_1,37.638,37.007,38.148,38.91,-23.869,-27.096,-28.015,-28.937,1.039,1.037,1.008,1.034,0.203,-8.11,-0.17,0.06,0.06,0.06,0.18,0.24,0.26,0.327,1.5,1.08,1.08,1.08,185.535,98.427,98.427,98.427,0.973,1.133,1.54,-7.815,-0.27,0.0,0.121,-0.576,1.53,1.0,334.486,60.96,8.018,9.65,37.638,37.007,37.007,0.631,-28.015,-28.937,0.922,8.018,37.007,-0.221121324481607
346,4_8,5_3_1_8,34.426,35.184,35.238,37.699,-14.275,-12.582,-20.871,-11.583,1.002,1.015,1.018,0.961,-1.867,-8.363,-0.2,0.45,0.06,0.66,-0.231,0.271,0.398,-0.146,2.25,1.08,1.02,1.75,642.238,467.957,98.427,164.182,0.873,1.087,-0.165,-8.898,-0.17,0.45,-0.122,-0.391,1.5,1.75,185.535,467.957,7.031,8.198,34.426,35.184,34.426,-0.758,-20.871,-12.582,-8.29,7.031,34.426,-0.4808446731719412
139,5_5,3_6_3_2,55.863,55.863,58.734,58.734,-0.004,-0.004,-4.518,-4.518,1.203,0.893,1.169,0.889,-0.82,-7.677,-0.27,0.66,0.0,0.06,-0.499,0.304,0.517,-0.455,1.53,1.0,1.08,1.02,334.486,164.182,60.96,98.427,1.004,1.004,1.342,-8.123,-0.2,-0.2,-0.226,-0.226,2.25,2.25,642.238,642.238,7.303,9.019,55.863,55.863,55.863,0.0,-4.518,-4.518,0.0,7.303,55.863,1.6763383666865252
621,1_9,2_1_6_5,37.032,34.364,37.951,38.233,-15.078,-12.813,-16.915,-18.216,1.023,0.986,1.088,0.938,-1.874,-8.402,0.66,-0.2,0.66,0.0,-0.285,0.312,-0.079,-0.29,1.02,1.02,1.0,2.25,164.182,642.238,164.182,60.96,0.895,1.103,-0.687,-9.217,0.06,0.42,0.317,-0.467,1.08,1.1,98.427,291.269,7.343,7.715,37.032,34.364,34.364,2.669,-16.915,-18.216,1.302,7.343,34.364,-0.4870836687623333
499,5_5,4_2_4_1,64.191,64.191,66.9,66.9,20.597,20.597,-15.725,-15.725,1.126,0.969,1.033,0.975,0.857,-7.77,-0.17,0.06,-0.2,-0.27,0.18,0.226,0.202,-0.087,1.5,2.25,1.53,1.08,185.535,98.427,642.238,334.486,1.004,1.004,1.342,-8.123,-0.2,-0.2,-0.226,-0.226,2.25,2.25,642.238,642.238,8.98,9.112,64.191,64.191,64.191,0.0,-15.725,-15.725,0.0,8.98,64.191,2.514376355021708
370,9_9,3_1_4_3,27.675,27.675,30.391,30.391,-8.323,-8.323,-12.522,-12.522,0.957,1.175,1.089,1.028,-0.167,-7.133,-0.27,-0.27,0.66,-0.27,0.262,0.247,-0.331,0.215,1.53,1.02,1.53,1.53,334.486,334.486,164.182,334.486,0.947,0.946,-1.736,-9.188,0.42,0.42,-0.281,-0.281,1.1,1.1,291.269,291.269,9.021,5.397,27.675,27.675,27.675,0.0,-12.522,-12.522,0.0,5.397,27.675,-1.1601907897966792
198,5_7,4_6_4_9,45.513,48.347,47.474,57.333,-4.117,12.439,-9.966,-7.263,0.993,1.115,0.87,1.172,-0.762,-7.659,-0.17,0.42,0.0,-0.27,-0.133,0.247,-0.35,0.419,1.5,1.0,1.53,1.1,185.535,291.269,60.96,334.486,1.04,1.094,0.231,-7.776,-0.2,-0.01,-0.199,-0.259,2.25,2.7,642.238,636.378,7.014,7.89,45.513,48.347,45.513,-2.834,-9.966,-7.263,-2.703,7.014,45.513,0.6348286189356677
687,1_4,1_6_6_5,38.883,39.793,39.717,42.568,-25.089,-14.959,-23.644,-19.885,1.009,1.082,1.057,1.013,0.423,-7.678,0.06,-0.2,0.0,0.0,0.238,0.217,-0.363,-0.28,1.08,1.0,1.0,2.25,98.427,642.238,60.96,60.96,1.019,1.055,1.656,-8.44,0.06,-0.17,0.208,-0.334,1.08,1.5,98.427,185.535,8.863,9.334,38.883,39.793,38.883,-0.91,-25.089,-19.885,-5.205,8.863,38.883,-0.03234139339169268
584,4_9,4_6_2_3,36.196,29.238,35.759,33.519,-11.502,-10.725,-12.139,-17.529,0.993,1.079,1.106,1.098,0.796,-6.916,-0.17,-0.27,0.0,-0.2,0.134,0.219,-0.138,-0.262,1.5,1.0,2.25,1.53,185.535,334.486,60.96,642.238,0.875,1.066,-0.546,-8.904,-0.17,0.42,-0.127,-0.385,1.5,1.1,185.535,291.269,9.699,6.369,35.759,29.238,29.238,6.521,-12.139,-17.529,5.391,6.369,29.238,-1.0029077235421295
901,7_9,1_4_4_1,37.56,37.141,36.576,37.066,-14.676,-14.676,-25.592,-25.909,1.124,0.911,0.911,1.124,0.616,-7.666,0.06,0.06,-0.27,-0.27,0.195,0.233,0.154,0.154,1.08,1.53,1.53,1.08,98.427,98.427,334.486,334.486,0.939,1.048,-1.088,-8.015,-0.01,0.42,-0.156,-0.35,2.7,1.1,636.378,291.269,8.631,6.578,36.576,37.066,36.576,-0.49,-25.592,-25.909,0.318,6.578,36.576,-0.264492406730942
59,4_8,5_2_3_7,46.707,47.017,47.949,50.827,3.586,5.408,4.598,5.837,0.969,1.033,0.816,1.155,-0.22,-7.255,-0.2,-0.01,-0.2,0.06,-0.172,0.242,-0.093,0.447,2.25,2.25,1.08,2.7,642.238,636.378,642.238,98.427,0.873,1.087,-0.165,-8.898,-0.17,0.45,-0.122,-0.391,1.5,1.75,185.535,467.957,8.678,7.089,46.707,47.017,46.707,-0.309,3.586,5.408,-1.822,7.089,46.707,0.754979598531274
328,3_5,4_3_3_9,44.278,46.943,47.866,49.522,5.34,5.111,-10.195,-11.27,0.968,1.056,0.917,1.102,-1.27,-8.206,-0.17,0.42,0.06,0.06,-0.224,0.27,0.317,0.454,1.5,1.08,1.08,1.1,185.535,291.269,98.427,98.427,0.998,1.101,1.621,-7.471,-0.27,-0.2,0.12,-0.333,1.53,2.25,334.486,642.238,6.201,9.826,44.278,46.943,44.278,-2.665,-10.195,-11.27,1.076,6.201,44.278,0.5105518519335123
96,1_3,5_2_4_2,56.06,53.764,63.943,57.11,-0.3,-1.086,7.17,0.122,1.234,0.814,1.033,0.957,0.019,-8.007,-0.2,0.66,-0.2,-0.27,-0.521,0.306,0.445,-0.066,2.25,2.25,1.53,1.02,642.238,164.182,642.238,334.486,1.104,1.048,1.779,-7.75,0.06,-0.27,0.121,0.017,1.08,1.53,98.427,334.486,7.768,9.785,56.06,53.764,53.764,2.297,-0.3,-1.086,0.787,7.768,53.764,1.465118177263429
312,2_5,3_1_2_6,41.996,41.542,44.687,37.283,-6.091,-16.618,-6.861,-10.747,0.879,1.197,1.034,1.064,-0.14,-7.699,-0.27,0.0,0.66,-0.2,0.263,0.245,-0.296,-0.025,1.53,1.02,2.25,1.0,334.486,60.96,164.182,642.238,1.102,0.862,-0.393,-8.926,0.66,-0.2,-0.389,-0.1,1.02,2.25,164.182,642.238,8.786,7.307,41.996,37.283,37.283,4.714,-6.861,-16.618,9.758,7.307,37.283,-0.1933477312082505
974,1_3,2_1_1_8,21.446,23.587,22.892,25.577,-28.805,-24.212,-25.136,-30.837,0.942,1.023,1.039,0.897,-2.92,-9.252,0.66,0.45,0.66,0.66,-0.214,0.321,-0.082,-0.109,1.02,1.02,1.02,1.75,164.182,467.957,164.182,164.182,1.104,1.048,1.779,-7.75,0.06,-0.27,0.121,0.017,1.08,1.53,98.427,334.486,4.83,11.031,21.446,23.587,21.446,-2.141,-28.805,-30.837,2.032,4.83,21.446,-1.7870085887087652
299,4_6,5_1_6_5,36.175,37.066,37.493,39.618,-11.827,-11.826,-11.395,-10.445,0.89,1.099,1.088,1.023,-0.599,-7.893,-0.2,-0.2,0.66,0.0,-0.094,0.259,-0.195,-0.263,2.25,1.02,1.0,2.25,642.238,642.238,164.182,60.96,0.975,1.037,1.376,-8.571,-0.17,0.0,-0.226,-0.472,1.5,1.0,185.535,60.96,7.971,9.269,36.175,37.066,36.175,-0.891,-11.827,-11.826,-0.001,7.971,36.175,-0.30484462014621705
277,2_7,5_1_6_8,37.788,35.674,40.577,38.682,-4.762,-8.872,-12.602,-9.993,0.84,1.12,0.946,1.069,-1.331,-8.349,-0.2,0.45,0.66,0.0,-0.049,0.265,-0.218,-0.147,2.25,1.02,1.0,1.75,642.238,467.957,164.182,60.96,1.095,0.903,-1.149,-8.015,0.66,-0.01,-0.373,-0.136,1.02,2.7,164.182,636.378,6.684,7.199,37.788,35.674,35.674,2.114,-12.602,-9.993,-2.609,6.684,35.674,-0.35525972967502645
924,5_5,1_4_1_6,43.706,43.706,45.367,45.367,-24.692,-24.692,-26.94,-26.94,1.005,1.088,1.105,0.971,-0.825,-8.21,0.06,0.0,-0.27,0.66,0.217,0.234,0.197,-0.232,1.08,1.53,1.02,1.0,98.427,60.96,334.486,164.182,1.004,1.004,1.342,-8.123,-0.2,-0.2,-0.226,-0.226,2.25,2.25,642.238,642.238,7.298,9.551,43.706,43.706,43.706,0.0,-26.94,-26.94,0.0,7.298,43.706,0.45299208616409337
601,6_9,2_4_3_2,36.088,33.661,37.553,37.197,-14.851,-13.931,-17.804,-17.793,1.145,0.871,0.937,1.136,-1.729,-8.495,0.66,0.66,-0.27,0.06,-0.405,0.324,0.454,0.349,1.02,1.53,1.08,1.02,164.182,164.182,334.486,98.427,0.896,1.023,-0.657,-9.131,0.0,0.42,-0.355,-0.364,1.0,1.1,60.96,291.269,7.402,7.838,36.088,33.661,33.661,2.427,-17.804,-17.793,-0.011,7.402,33.661,-0.5578258284404829
439,6_6,3_1_6_9,32.941,32.941,33.64,33.64,-14.394,-14.394,-14.396,-14.396,0.806,1.224,0.903,1.066,-1.312,-7.795,-0.27,0.42,0.66,0.0,0.319,0.25,-0.327,-0.14,1.53,1.02,1.0,1.1,334.486,291.269,164.182,60.96,0.998,0.998,1.102,-9.105,0.0,0.0,-0.454,-0.454,1.0,1.0,60.96,60.96,7.794,8.897,32.941,32.941,32.941,0.0,-14.396,-14.396,0.0,7.794,32.941,-0.6302786804579337
837,8_8,3_4_6_8,31.58,31.58,32.179,32.179,-14.984,-14.984,-23.596,-23.596,0.947,1.12,0.97,1.121,-0.759,-7.182,-0.27,0.45,-0.27,0.0,0.151,0.235,0.161,-0.189,1.53,1.53,1.0,1.75,334.486,467.957,334.486,60.96,0.949,1.031,-0.671,-9.446,0.45,0.45,-0.246,-0.325,1.75,1.75,467.957,467.957,8.687,6.511,31.58,31.58,31.58,0.0,-23.596,-23.596,0.0,6.511,31.58,-0.7672346965631435
570,4_7,1_6_1_7,36.133,33.254,34.657,33.855,-11.578,-17.483,-21.989,-17.087,1.056,1.14,1.1,0.912,-1.314,-7.684,0.06,-0.01,0.0,0.66,0.271,0.227,-0.355,-0.182,1.08,1.0,1.02,2.7,98.427,636.378,60.96,164.182,0.988,1.057,0.019,-7.55,-0.17,-0.01,-0.201,-0.267,1.5,2.7,185.535,636.378,6.236,7.702,34.657,33.254,33.254,1.404,-21.989,-17.483,-4.506,6.236,33.254,-0.59878181562257
879,1_7,1_6_4_3,37.105,34.134,36.791,36.307,-23.689,-22.433,-26.149,-25.233,1.091,1.164,1.09,1.013,0.656,-7.091,0.06,-0.27,0.0,-0.27,0.25,0.222,-0.4,0.194,1.08,1.0,1.53,1.53,98.427,334.486,60.96,334.486,0.988,1.077,-0.192,-7.615,0.06,-0.01,0.249,-0.355,1.08,2.7,98.427,636.378,8.27,6.899,36.791,34.134,34.134,2.657,-26.149,-25.233,-0.916,6.899,34.134,-0.5102283298234631
261,5_9,2_4_3_4,48.955,45.781,50.993,46.132,6.644,2.979,-8.254,-9.422,1.183,0.91,0.96,1.047,-0.731,-7.994,0.66,-0.17,-0.27,0.06,-0.458,0.304,0.369,0.325,1.02,1.53,1.08,1.5,164.182,185.535,334.486,98.427,0.876,1.056,-0.708,-8.875,-0.2,0.42,-0.122,-0.373,2.25,1.1,642.238,291.269,8.144,7.286,48.955,45.781,45.781,3.174,-8.254,-9.422,1.168,7.286,45.781,0.6617971805199412
578,7_7,5_1_3_8,40.519,40.519,42.855,42.855,-3.097,-3.097,-17.308,-17.308,0.824,1.141,0.9,1.125,-1.379,-8.539,-0.2,0.45,0.66,0.06,-0.027,0.273,-0.261,0.52,2.25,1.02,1.08,1.75,642.238,467.957,164.182,98.427,1.002,1.002,-0.542,-7.282,-0.01,-0.01,-0.228,-0.228,2.7,2.7,636.378,636.378,5.904,7.998,40.519,40.519,40.519,0.0,-17.308,-17.308,0.0,5.904,40.519,0.1322875870257371
23,4_7,5_2_1_5,54.051,54.879,61.698,60.218,10.133,8.634,15.78,13.361,1.077,1.079,1.025,0.991,-0.275,-8.049,-0.2,-0.2,-0.2,0.66,-0.101,0.26,-0.179,-0.021,2.25,2.25,1.02,2.25,642.238,642.238,642.238,164.182,0.988,1.057,0.019,-7.55,-0.17,-0.01,-0.201,-0.267,1.5,2.7,185.535,636.378,7.276,8.068,54.051,54.879,54.051,-0.827,10.133,8.634,1.499,7.276,54.051,1.4939986891092738
30,6_7,3_2_2_9,62.133,64.54,63.777,60.443,12.196,14.076,10.47,12.101,1.063,1.089,0.977,1.138,-0.672,-7.339,-0.27,0.42,-0.2,-0.2,0.135,0.224,-0.135,0.097,1.53,2.25,2.25,1.1,334.486,291.269,642.238,642.238,1.0,1.0,-0.294,-7.636,0.0,-0.01,-0.429,-0.25,1.0,2.7,60.96,636.378,6.964,7.045,62.133,60.443,60.443,1.689,10.47,12.101,-1.631,6.964,60.443,2.1372190086864213
617,2_9,5_3_3_4,33.007,34.666,35.044,35.258,-7.44,-8.028,-18.755,-18.075,1.037,1.013,1.005,1.039,0.198,-7.787,-0.2,-0.17,0.06,0.06,-0.275,0.263,0.338,0.348,2.25,1.08,1.08,1.5,642.238,185.535,98.427,98.427,0.993,0.929,-1.74,-9.532,0.66,0.42,-0.296,-0.254,1.02,1.1,164.182,291.269,9.729,6.047,33.007,34.666,33.007,-1.659,-18.755,-18.075,-0.68,6.047,33.007,-0.6236371690230011
10,3_9,3_2_2_3,68.635,61.934,64.381,66.177,21.896,19.377,17.715,19.467,1.084,1.082,1.082,1.084,1.402,-7.118,-0.27,-0.27,-0.2,-0.2,0.128,0.22,-0.118,-0.118,1.53,2.25,2.25,1.53,334.486,334.486,642.238,642.238,0.875,1.158,-0.377,-8.19,-0.27,0.42,0.224,-0.481,1.53,1.1,334.486,291.269,9.592,6.741,64.381,61.934,61.934,2.448,17.715,19.377,-1.662,6.741,61.934,2.2872567897392257
221,2_5,2_2_1_1,44.243,42.798,44.686,43.751,-4.106,-6.972,-15.52,-8.194,0.968,1.143,0.918,1.093,-1.076,-8.759,0.66,0.06,-0.2,0.66,0.377,0.253,-0.286,0.085,1.02,2.25,1.02,1.08,164.182,98.427,642.238,164.182,1.102,0.862,-0.393,-8.926,0.66,-0.2,-0.389,-0.1,1.02,2.25,164.182,642.238,7.85,8.366,44.243,42.798,42.798,1.445,-15.52,-8.194,-7.326,7.85,42.798,0.36162098945319676
820,4_8,3_1_4_6,29.239,33.516,34.812,35.429,-15.735,-17.145,-18.774,-23.147,0.874,1.213,0.994,1.096,-0.324,-7.74,-0.27,0.0,0.66,-0.27,0.281,0.249,-0.344,0.305,1.53,1.02,1.53,1.0,334.486,60.96,164.182,334.486,0.873,1.087,-0.165,-8.898,-0.17,0.45,-0.122,-0.391,1.5,1.75,185.535,467.957,8.574,7.575,29.239,33.516,29.239,-4.277,-18.774,-23.147,4.373,7.575,29.239,-1.0028070945809942
296,3_9,1_2_1_9,35.509,46.198,41.774,44.248,-7.622,-7.974,-11.181,-10.367,1.001,1.09,1.013,1.005,-1.757,-8.562,0.06,0.42,-0.2,0.66,0.288,0.235,-0.138,-0.089,1.08,2.25,1.02,1.1,98.427,291.269,642.238,164.182,0.875,1.158,-0.377,-8.19,-0.27,0.42,0.224,-0.481,1.53,1.1,334.486,291.269,6.433,8.185,35.509,44.248,35.509,-8.739,-11.181,-10.367,-0.814,6.433,35.509,-0.37186350826235887
54,7_7,5_2_6_2,48.241,48.241,50.641,50.641,3.724,3.724,7.357,7.357,1.181,1.039,1.017,0.963,-0.52,-7.942,-0.2,0.66,-0.2,0.0,-0.394,0.291,-0.122,-0.059,2.25,2.25,1.0,1.02,642.238,164.182,642.238,60.96,1.002,1.002,-0.542,-7.282,-0.01,-0.01,-0.228,-0.228,2.7,2.7,636.378,636.378,6.762,7.401,48.241,48.241,48.241,0.0,3.724,3.724,0.0,6.762,48.241,0.9093444249128987
542,5_6,1_4_2_2,44.391,42.993,42.92,42.944,-11.095,-13.891,-23.522,-16.456,1.089,1.034,0.919,1.102,-0.796,-8.041,0.06,0.66,-0.27,-0.2,0.201,0.233,0.191,0.035,1.08,1.53,2.25,1.02,98.427,164.182,334.486,642.238,0.973,1.035,1.346,-8.569,-0.2,0.0,-0.219,-0.469,2.25,1.0,642.238,60.96,7.773,9.387,42.92,42.944,42.92,-0.024,-23.522,-16.456,-7.066,7.773,42.92,0.3738977227117093
209,8_9,2_6_4_2,37.93,37.733,39.269,39.91,-4.979,-5.067,-7.782,-7.738,1.174,0.905,1.028,1.102,-1.659,-8.194,0.66,0.66,0.0,-0.27,-0.452,0.304,0.399,-0.214,1.02,1.0,1.53,1.02,164.182,164.182,60.96,334.486,0.968,0.942,-1.586,-9.126,0.45,0.42,-0.289,-0.275,1.75,1.1,467.957,291.269,7.467,6.609,37.93,37.733,37.733,0.197,-7.782,-7.738,-0.044,6.609,37.733,-0.14806469869734407
604,2_5,5_3_4_1,48.065,41.766,57.168,43.381,7.663,-17.413,-14.73,-17.804,1.021,1.08,0.866,1.112,0.356,-7.787,-0.2,0.06,0.06,-0.27,0.2,0.232,0.148,0.352,2.25,1.08,1.53,1.08,642.238,98.427,98.427,334.486,1.102,0.862,-0.393,-8.926,0.66,-0.2,-0.389,-0.1,1.02,2.25,164.182,642.238,9.282,7.394,48.065,41.766,41.766,6.299,-14.73,-17.804,3.074,7.394,41.766,0.2577719015615167
692,4_6,2_2_6_6,33.914,33.31,34.357,32.913,-19.955,-19.782,-20.629,-19.942,1.119,0.874,1.087,1.055,-0.827,-8.248,0.66,0.0,-0.2,0.0,-0.386,0.296,0.073,-0.276,1.02,2.25,1.0,1.0,164.182,60.96,642.238,60.96,0.975,1.037,1.376,-8.571,-0.17,0.0,-0.226,-0.472,1.5,1.0,185.535,60.96,7.743,9.624,33.914,32.913,32.913,1.001,-20.629,-19.942,-0.687,7.743,32.913,-0.633096291369724
662,3_3,2_1_6_3,33.348,33.348,34.098,34.098,-17.78,-17.78,-19.13,-19.13,1.066,0.99,1.158,0.913,-1.759,-7.82,0.66,-0.27,0.66,0.0,-0.317,0.308,-0.081,-0.385,1.02,1.02,1.0,1.53,164.182,334.486,164.182,60.96,1.074,1.074,1.92,-7.114,-0.27,-0.27,0.023,0.023,1.53,1.53,334.486,334.486,5.355,9.74,33.348,33.348,33.348,0.0,-19.13,-19.13,0.0,5.355,33.348,-0.5893226932758472
866,1_7,1_4_1_5,37.011,37.052,38.55,40.548,-19.421,-14.905,-21.573,-24.785,1.047,1.063,1.117,0.919,-0.709,-8.034,0.06,-0.2,-0.27,0.66,0.204,0.233,0.209,-0.237,1.08,1.53,1.02,2.25,98.427,642.238,334.486,164.182,0.988,1.077,-0.192,-7.615,0.06,-0.01,0.249,-0.355,1.08,2.7,98.427,636.378,6.905,7.842,37.011,37.052,37.011,-0.041,-21.573,-24.785,3.213,6.905,37.011,-0.22071880863706514
70,4_5,1_6_1_5,45.005,48.052,45.095,53.578,-13.827,6.869,-18.927,3.89,1.031,1.128,1.108,0.884,-0.65,-8.187,0.06,-0.2,0.0,0.66,0.266,0.225,-0.352,-0.2,1.08,1.0,1.02,2.25,98.427,642.238,60.96,164.182,0.999,1.017,1.462,-8.094,-0.17,-0.2,-0.228,-0.241,1.5,2.25,185.535,642.238,7.443,9.649,45.005,48.052,45.005,-3.047,-18.927,3.89,-22.817,7.443,45.005,0.5837091066789111
543,2_7,4_6_4_1,34.005,31.832,36.125,34.614,-12.341,-21.659,-14.756,-16.481,1.048,1.053,1.145,1.101,0.529,-7.533,-0.17,0.06,0.0,-0.27,0.17,0.225,0.194,-0.324,1.5,1.0,1.53,1.08,185.535,98.427,60.96,334.486,1.095,0.903,-1.149,-8.015,0.66,-0.01,-0.373,-0.136,1.02,2.7,164.182,636.378,8.544,6.384,34.005,31.832,31.832,2.174,-14.756,-21.659,6.903,6.384,31.832,-0.7418761983570354
107,8_8,2_2_2_6,59.172,59.172,55.822,55.822,3.663,3.663,-0.783,-0.783,1.13,0.879,1.095,1.124,-0.393,-8.394,0.66,0.0,-0.2,-0.2,-0.389,0.295,0.1,-0.042,1.02,2.25,2.25,1.0,164.182,60.96,642.238,642.238,0.949,1.031,-0.671,-9.446,0.45,0.45,-0.246,-0.325,1.75,1.75,467.957,467.957,9.054,7.723,55.822,55.822,55.822,0.0,-0.783,-0.783,0.0,7.723,55.822,1.6722125792799762
493,2_4,4_3_3_2,39.386,37.286,40.958,38.278,-3.136,-14.885,-12.506,-15.611,1.147,0.913,1.062,0.966,-1.142,-8.302,-0.17,0.66,0.06,0.06,-0.447,0.315,0.468,0.316,1.5,1.08,1.08,1.02,185.535,164.182,98.427,98.427,1.11,0.864,-0.212,-8.953,0.66,-0.17,-0.399,-0.107,1.02,1.5,164.182,185.535,7.81,8.09,39.386,37.286,37.286,2.101,-12.506,-15.611,3.104,7.81,37.286,-0.19304584432484442
590,2_4,3_6_2_5,38.439,37.734,42.524,44.837,-5.76,-3.256,-19.93,-17.581,1.068,1.146,1.002,1.032,0.909,-7.034,-0.27,-0.2,0.0,-0.2,0.126,0.216,-0.344,-0.035,1.53,1.0,2.25,2.25,334.486,642.238,60.96,642.238,1.11,0.864,-0.212,-8.953,0.66,-0.17,-0.399,-0.107,1.02,1.5,164.182,185.535,9.861,6.821,38.439,37.734,37.734,0.705,-19.93,-17.581,-2.35,6.821,37.734,-0.14796406973620824
741,4_8,3_3_1_1,31.627,32.67,33.451,34.502,-18.484,-17.621,-21.616,-21.022,0.903,1.157,1.039,1.038,-0.676,-7.797,-0.27,0.06,0.06,0.66,0.366,0.251,-0.33,0.319,1.53,1.08,1.02,1.08,334.486,98.427,98.427,164.182,0.873,1.087,-0.165,-8.898,-0.17,0.45,-0.122,-0.391,1.5,1.75,185.535,467.957,8.222,7.632,31.627,32.67,31.627,-1.043,-21.616,-21.022,-0.594,7.632,31.627,-0.762505135389782
292,3_8,2_1_2_7,42.222,42.004,39.695,40.992,-7.119,-5.907,-8.959,-10.192,1.092,1.013,1.023,0.989,-1.664,-8.193,0.66,-0.01,0.66,-0.2,-0.271,0.316,-0.069,-0.022,1.02,1.02,2.25,2.7,164.182,636.378,164.182,642.238,0.88,1.182,0.092,-8.147,-0.27,0.45,0.225,-0.489,1.53,1.75,334.486,467.957,6.483,8.285,39.695,40.992,39.695,-1.297,-8.959,-10.192,1.233,6.483,39.695,0.04936932305021009
289,6_7,3_6_3_7,34.462,33.627,35.671,34.472,-8.407,-7.325,-9.279,-10.146,0.985,1.157,0.984,1.105,-0.446,-6.881,-0.27,-0.01,0.0,0.06,0.186,0.227,-0.43,0.435,1.53,1.0,1.08,2.7,334.486,636.378,60.96,98.427,1.0,1.0,-0.294,-7.636,0.0,-0.01,-0.429,-0.25,1.0,2.7,60.96,636.378,7.19,6.587,34.462,33.627,33.627,0.835,-9.279,-10.146,0.868,6.587,33.627,-0.5612472131190847
652,3_4,2_4_6_1,39.147,31.838,42.459,33.455,-17.23,-16.716,-11.276,-18.927,1.009,1.149,0.889,1.214,-0.615,-7.928,0.66,0.06,-0.27,0.0,0.309,0.233,-0.431,0.417,1.02,1.53,1.0,1.08,164.182,98.427,334.486,60.96,1.007,1.095,1.831,-7.467,-0.27,-0.17,0.106,-0.335,1.53,1.5,334.486,185.535,6.852,9.759,39.147,31.838,31.838,7.31,-17.23,-18.927,1.697,6.852,31.838,-0.7412724245902232
39,9_9,5_2_2_6,54.069,54.069,56.703,56.703,10.1,10.1,10.302,10.302,1.028,1.0,1.094,1.143,1.021,-7.778,-0.2,0.0,-0.2,-0.2,-0.219,0.23,-0.026,-0.013,2.25,2.25,2.25,1.0,642.238,60.96,642.238,642.238,0.947,0.946,-1.736,-9.188,0.42,0.42,-0.281,-0.281,1.1,1.1,291.269,291.269,10.21,6.043,54.069,54.069,54.069,0.0,10.1,10.1,0.0,6.043,54.069,1.4958100104097103
589,1_5,1_2_4_2,52.194,47.788,49.775,47.528,-7.222,-7.611,-9.174,-17.578,0.994,1.09,0.902,1.182,-0.37,-8.386,0.06,0.66,-0.2,-0.27,0.279,0.232,-0.19,0.416,1.08,2.25,1.53,1.02,98.427,164.182,642.238,334.486,1.011,1.054,1.418,-8.429,0.06,-0.2,0.22,-0.329,1.08,2.25,98.427,642.238,8.059,9.804,49.775,47.528,47.528,2.247,-9.174,-17.578,8.404,8.059,47.528,0.837595975623395
307,3_8,2_6_3_3,38.186,34.885,40.22,36.487,-7.747,-7.409,-17.379,-10.655,1.117,0.927,1.132,0.956,-1.082,-7.459,0.66,-0.27,0.0,0.06,-0.387,0.292,-0.201,0.277,1.02,1.0,1.08,1.53,164.182,334.486,60.96,98.427,0.88,1.182,0.092,-8.147,-0.27,0.45,0.225,-0.489,1.53,1.75,334.486,467.957,7.064,7.551,38.186,34.885,34.885,3.301,-17.379,-10.655,-6.724,7.064,34.885,-0.4346559800108166
679,1_7,2_4_4_1,40.481,41.068,40.747,41.502,-11.603,-19.181,-21.052,-19.672,1.029,1.078,0.907,1.193,-0.664,-7.961,0.66,0.06,-0.27,-0.27,0.235,0.239,0.138,0.373,1.02,1.53,1.53,1.08,164.182,98.427,334.486,334.486,0.988,1.077,-0.192,-7.615,0.06,-0.01,0.249,-0.355,1.08,2.7,98.427,636.378,6.95,7.769,40.481,41.068,40.481,-0.587,-21.052,-19.672,-1.38,6.95,40.481,0.12846368650259418
66,4_7,2_6_2_5,44.306,46.064,50.273,48.066,-0.151,1.577,-16.122,4.903,1.181,1.039,1.017,0.963,-0.52,-7.942,0.66,-0.2,0.0,-0.2,-0.394,0.291,-0.122,-0.059,1.02,1.0,2.25,2.25,164.182,642.238,60.96,642.238,0.988,1.057,0.019,-7.55,-0.17,-0.01,-0.201,-0.267,1.5,2.7,185.535,636.378,7.03,7.961,44.306,46.064,44.306,-1.758,-16.122,1.577,-17.699,7.03,44.306,0.5133694628453019
275,3_4,2_2_1_4,41.191,33.776,41.142,35.013,-9.797,-9.885,-10.264,-9.952,1.103,0.909,1.118,0.956,-0.943,-8.527,0.66,-0.17,-0.2,0.66,-0.365,0.302,0.091,-0.214,1.02,2.25,1.02,1.5,164.182,185.535,642.238,164.182,1.007,1.095,1.831,-7.467,-0.27,-0.17,0.106,-0.335,1.53,1.5,334.486,185.535,6.524,10.358,41.142,33.776,33.776,7.366,-10.264,-9.952,-0.313,6.524,33.776,-0.5462534979099176
67,5_8,1_4_2_5,57.517,51.73,62.543,52.402,17.943,2.346,-17.613,4.785,1.154,0.906,1.023,0.966,0.866,-7.794,0.06,-0.2,-0.27,-0.2,0.175,0.225,0.206,-0.073,1.08,1.53,2.25,2.25,98.427,642.238,334.486,642.238,0.871,1.076,-0.346,-8.89,-0.2,0.45,-0.115,-0.378,2.25,1.75,642.238,467.957,9.756,7.448,57.517,51.73,51.73,5.788,-17.613,2.346,-19.96,7.448,51.73,1.2604388703141294
318,3_6,2_2_4_6,43.821,42.604,46.64,43.438,-10.579,-10.211,-11.373,-11.036,1.089,0.886,0.909,1.148,-0.602,-8.058,0.66,0.0,-0.2,-0.27,-0.365,0.302,0.063,0.304,1.02,2.25,1.53,1.0,164.182,60.96,642.238,334.486,0.973,1.133,1.54,-7.815,-0.27,0.0,0.121,-0.576,1.53,1.0,334.486,60.96,7.213,9.598,43.821,42.604,42.604,1.217,-11.373,-11.036,-0.337,7.213,42.604,0.3420989709929389
548,3_8,1_4_1_7,37.503,35.332,38.13,36.494,-14.394,-12.413,-17.413,-16.565,1.121,0.98,1.116,0.894,-1.357,-7.615,0.06,-0.01,-0.27,0.66,0.152,0.237,0.228,-0.202,1.08,1.53,1.02,2.7,98.427,636.378,334.486,164.182,0.88,1.182,0.092,-8.147,-0.27,0.45,0.225,-0.489,1.53,1.75,334.486,467.957,6.789,7.707,37.503,35.332,35.332,2.171,-17.413,-16.565,-0.848,6.789,35.332,-0.3896748343833155
998,1_6,1_3_3_1,35.763,35.763,36.318,36.318,-36.83,-36.83,-37.763,-37.763,1.03,1.027,1.027,1.03,0.127,-8.492,0.06,0.06,0.06,0.06,0.249,0.249,0.193,0.244,1.08,1.08,1.08,1.08,98.427,98.427,98.427,98.427,0.983,1.082,1.33,-8.949,0.06,0.0,0.223,-0.568,1.08,1.0,98.427,60.96,9.076,9.822,35.763,35.763,35.763,0.0,-37.763,-37.763,0.0,9.076,35.763,-0.34630375213398057
714,1_7,3_2_3_4,42.518,43.327,41.511,43.047,-9.019,-8.799,-10.02,-20.409,0.962,1.116,0.822,1.147,0.922,-7.297,-0.27,-0.17,-0.2,0.06,0.169,0.229,-0.194,0.396,1.53,2.25,1.08,1.5,334.486,185.535,642.238,98.427,0.988,1.077,-0.192,-7.615,0.06,-0.01,0.249,-0.355,1.08,2.7,98.427,636.378,8.536,7.105,41.511,43.047,41.511,-1.536,-10.02,-20.409,10.389,7.105,41.511,0.2321115164720033
753,1_4,2_4_4_6,41.605,42.49,42.023,42.152,-14.868,-13.981,-22.928,-21.329,1.18,0.914,1.008,1.072,-0.633,-8.003,0.66,0.0,-0.27,-0.27,-0.456,0.305,0.374,0.23,1.02,1.53,1.53,1.0,164.182,60.96,334.486,334.486,1.019,1.055,1.656,-8.44,0.06,-0.17,0.208,-0.334,1.08,1.5,98.427,185.535,7.807,9.659,41.605,42.152,41.605,-0.548,-22.928,-21.329,-1.6,7.807,41.605,0.24157063881872545
327,2_3,4_1_1_8,36.637,31.799,38.732,34.723,-8.376,-9.626,-9.554,-11.201,0.875,1.138,1.016,0.968,-1.915,-8.797,-0.17,0.45,0.66,0.66,-0.042,0.272,-0.208,-0.086,1.5,1.02,1.02,1.75,185.535,467.957,164.182,164.182,1.209,0.871,0.011,-8.258,0.66,-0.27,-0.5,0.238,1.02,1.53,164.182,334.486,6.343,8.807,36.637,31.799,31.799,4.838,-9.554,-11.201,1.647,6.343,31.799,-0.745196954074502
382,3_5,2_3_1_4,39.364,32.424,39.68,34.07,-14.907,-0.96,-13.099,-12.753,1.15,0.901,1.158,0.799,-1.5,-8.592,0.66,-0.17,0.06,0.66,-0.445,0.316,0.531,-0.278,1.02,1.08,1.02,1.5,164.182,185.535,98.427,164.182,0.998,1.101,1.621,-7.471,-0.27,-0.2,0.12,-0.333,1.53,2.25,334.486,642.238,5.971,10.213,39.364,32.424,32.424,6.94,-14.907,-12.753,-2.154,5.971,32.424,-0.6823038533649092
451,4_4,2_2_3_6,40.299,40.299,39.362,39.362,-13.767,-13.767,-14.819,-14.819,1.076,0.902,0.867,1.119,-0.929,-8.559,0.66,0.0,-0.2,0.06,-0.35,0.305,0.02,0.392,1.02,2.25,1.08,1.0,164.182,60.96,642.238,98.427,1.012,1.013,1.714,-8.088,-0.17,-0.17,-0.243,-0.243,1.5,1.5,185.535,185.535,7.159,10.273,39.362,39.362,39.362,0.0,-14.819,-14.819,0.0,7.159,39.362,0.015859878992139188
522,4_7,2_6_3_5,39.898,39.646,43.187,41.952,-4.101,-4.581,-3.669,-16.098,1.078,0.919,1.047,0.974,-1.25,-8.017,0.66,-0.2,0.0,0.06,-0.356,0.295,-0.198,0.369,1.02,1.0,1.08,2.25,164.182,642.238,60.96,98.427,0.988,1.057,0.019,-7.55,-0.17,-0.01,-0.201,-0.267,1.5,2.7,185.535,636.378,6.301,8.036,39.898,39.646,39.646,0.252,-4.101,-16.098,11.998,6.301,39.646,0.04443850395457807
218,7_9,3_6_1_3,36.609,35.733,35.199,34.907,-5.409,-4.809,-8.136,-8.148,0.892,1.186,1.156,1.036,-0.101,-7.214,-0.27,-0.27,0.0,0.66,0.24,0.243,-0.293,-0.349,1.53,1.0,1.02,1.53,334.486,334.486,60.96,164.182,0.939,1.048,-1.088,-8.015,-0.01,0.42,-0.156,-0.35,2.7,1.1,636.378,291.269,7.914,6.126,35.199,34.907,34.907,0.292,-8.136,-8.148,0.012,6.126,34.907,-0.4324421428658391
787,1_5,1_6_3_3,41.492,39.245,40.586,41.781,-25.3,-25.295,-18.65,-22.357,1.03,1.139,1.089,1.028,0.424,-7.402,0.06,-0.27,0.0,0.06,0.261,0.225,-0.416,0.311,1.08,1.0,1.08,1.53,98.427,334.486,60.96,98.427,1.011,1.054,1.418,-8.429,0.06,-0.2,0.22,-0.329,1.08,2.25,98.427,642.238,8.854,8.819,40.586,39.245,39.245,1.342,-25.3,-25.295,-0.005,8.819,39.245,0.004086290539302964
436,1_8,2_1_2_3,36.998,35.036,38.335,36.73,-14.672,-13.745,-15.805,-14.296,1.118,1.023,1.126,0.939,-1.587,-7.762,0.66,-0.27,0.66,-0.2,-0.294,0.313,-0.066,-0.146,1.02,1.02,2.25,1.53,164.182,334.486,164.182,642.238,0.894,1.125,-0.239,-9.257,0.06,0.45,0.324,-0.475,1.08,1.75,98.427,467.957,7.67,7.522,36.998,35.036,35.036,1.961,-15.805,-14.296,-1.509,7.522,35.036,-0.41946100687937865
764,1_8,2_1_1_2,31.574,31.574,32.275,32.276,-20.782,-20.782,-21.539,-21.541,0.965,1.034,1.034,0.965,-2.953,-9.463,0.66,0.66,0.66,0.66,-0.213,0.327,-0.089,-0.089,1.02,1.02,1.02,1.02,164.182,164.182,164.182,164.182,0.894,1.125,-0.239,-9.257,0.06,0.45,0.324,-0.475,1.08,1.75,98.427,467.957,6.304,9.224,31.574,31.574,31.574,0.0,-21.539,-21.541,0.002,6.304,31.574,-0.7678384703299552
88,9_9,4_1_2_5,39.986,39.986,42.9,42.9,-2.068,-2.068,0.883,0.883,1.077,1.086,1.025,0.977,-0.095,-8.026,-0.17,-0.2,0.66,-0.2,-0.107,0.26,-0.192,-0.024,1.5,1.02,2.25,2.25,185.535,642.238,164.182,642.238,0.947,0.946,-1.736,-9.188,0.42,0.42,-0.281,-0.281,1.1,1.1,291.269,291.269,9.094,6.29,39.986,39.986,39.986,0.0,-2.068,-2.068,0.0,6.29,39.986,0.07865235074059619
63,4_9,1_2_2_7,63.401,68.904,69.659,56.751,12.442,13.253,7.184,5.429,1.103,1.094,0.994,1.053,0.27,-7.822,0.06,-0.01,-0.2,-0.2,0.232,0.221,-0.125,-0.004,1.08,2.25,2.25,2.7,98.427,636.378,642.238,642.238,0.875,1.066,-0.546,-8.904,-0.17,0.42,-0.127,-0.385,1.5,1.1,185.535,291.269,9.174,7.275,63.401,56.751,56.751,6.651,7.184,5.429,1.755,7.275,56.751,1.7656968841747145
826,7_8,1_6_3_9,36.825,38.216,36.261,38.353,-11.092,-13.61,-22.615,-23.258,0.932,1.123,0.904,1.122,-1.182,-8.362,0.06,0.42,0.0,0.06,0.323,0.234,-0.44,0.499,1.08,1.0,1.08,1.1,98.427,291.269,60.96,98.427,0.918,1.064,-0.93,-7.913,-0.01,0.45,-0.153,-0.358,2.7,1.75,636.378,467.957,6.731,7.432,36.261,38.216,36.261,-1.955,-22.615,-23.258,0.644,6.731,36.261,-0.29619052948857655
716,8_9,2_6_3_9,35.284,36.54,38.703,36.809,-7.823,-9.451,-19.893,-20.463,1.015,0.942,0.932,1.063,-2.095,-8.687,0.66,0.42,0.0,0.06,-0.302,0.303,-0.224,0.472,1.02,1.0,1.08,1.1,164.182,291.269,60.96,98.427,0.968,0.942,-1.586,-9.126,0.45,0.42,-0.289,-0.275,1.75,1.1,467.957,291.269,7.031,7.102,35.284,36.54,35.284,-1.256,-19.893,-20.463,0.57,7.031,35.284,-0.39450502451781244
351,1_4,3_4_2_9,41.723,42.819,44.039,43.203,-10.484,-8.735,-13.464,-11.888,1.064,1.054,0.921,1.1,-0.899,-7.168,-0.27,0.42,-0.27,-0.2,0.107,0.235,0.191,0.03,1.53,1.53,2.25,1.1,334.486,291.269,334.486,642.238,1.019,1.055,1.656,-8.44,0.06,-0.17,0.208,-0.334,1.08,1.5,98.427,185.535,7.541,8.824,41.723,42.819,41.723,-1.096,-13.464,-11.888,-1.576,7.541,41.723,0.2534448562326968
936,4_6,4_6_1_1,31.453,30.717,32.385,31.366,-23.784,-22.884,-29.491,-28.09,0.897,1.142,1.106,1.035,-0.554,-8.161,-0.17,0.06,0.0,0.66,0.347,0.244,-0.285,-0.272,1.5,1.0,1.02,1.08,185.535,98.427,60.96,164.182,0.975,1.037,1.376,-8.571,-0.17,0.0,-0.226,-0.472,1.5,1.0,185.535,60.96,8.016,9.537,31.453,30.717,30.717,0.736,-29.491,-28.09,-1.402,8.016,30.717,-0.8540774900229492
256,2_2,3_1_6_8,31.459,31.459,32.843,32.843,-7.973,-7.973,-9.271,-9.271,0.823,1.221,0.92,1.088,-1.123,-7.769,-0.27,0.45,0.66,0.0,0.307,0.25,-0.323,-0.142,1.53,1.02,1.0,1.75,334.486,467.957,164.182,60.96,0.978,0.978,-1.736,-9.745,0.66,0.66,-0.268,-0.268,1.02,1.02,164.182,164.182,8.622,6.034,31.459,31.459,31.459,0.0,-9.271,-9.271,0.0,6.034,31.459,-0.7794108008605205
635,8_9,2_4_2_6,37.507,34.562,36.811,38.261,-17.014,-16.364,-19.43,-18.496,1.163,0.86,1.115,1.131,-0.29,-8.356,0.66,0.0,-0.27,-0.2,-0.447,0.302,0.419,-0.097,1.02,1.53,2.25,1.0,164.182,60.96,334.486,642.238,0.968,0.942,-1.586,-9.126,0.45,0.42,-0.289,-0.275,1.75,1.1,467.957,291.269,8.836,6.77,36.811,34.562,34.562,2.248,-19.43,-18.496,-0.934,6.77,34.562,-0.4671591344575342
644,2_3,3_2_6_1,39.422,33.569,38.259,36.8,-10.328,-10.868,-10.712,-18.63,1.076,1.138,1.088,0.986,0.785,-7.128,-0.27,0.06,-0.2,0.0,0.23,0.217,-0.35,-0.139,1.53,2.25,1.0,1.08,334.486,98.427,642.238,60.96,1.209,0.871,0.011,-8.258,0.66,-0.27,-0.5,0.238,1.02,1.53,164.182,334.486,9.042,7.138,38.259,33.569,33.569,4.689,-10.712,-18.63,7.918,7.138,33.569,-0.5670836928649348
554,1_4,3_2_4_2,46.783,48.585,47.753,47.438,-4.58,-4.805,-4.406,-16.709,1.221,0.867,1.13,0.954,-0.127,-7.632,-0.27,0.66,-0.2,-0.27,-0.47,0.299,0.427,-0.201,1.53,2.25,1.53,1.02,334.486,164.182,642.238,334.486,1.019,1.055,1.656,-8.44,0.06,-0.17,0.208,-0.334,1.08,1.5,98.427,185.535,8.313,9.288,46.783,47.438,46.783,-0.655,-4.58,-16.709,12.129,8.313,46.783,0.7626273995775606
959,9_9,6_3_1_9,28.311,28.311,29.32,29.32,-27.839,-27.839,-29.763,-29.763,1.011,1.011,1.022,0.926,-2.192,-8.77,0.0,0.42,0.06,0.66,-0.466,0.262,0.395,-0.159,1.0,1.08,1.02,1.1,60.96,291.269,98.427,164.182,0.947,0.946,-1.736,-9.188,0.42,0.42,-0.281,-0.281,1.1,1.1,291.269,291.269,6.997,7.034,28.311,28.311,28.311,0.0,-29.763,-29.763,0.0,6.997,28.311,-1.0961907705145977
168,5_9,2_1_2_4,49.229,46.107,48.716,44.224,2.861,-4.135,-16.569,-6.005,1.088,1.012,1.054,0.962,-1.59,-8.379,0.66,-0.17,0.66,-0.2,-0.278,0.315,-0.066,-0.056,1.02,1.02,2.25,1.5,164.182,185.535,164.182,642.238,0.876,1.056,-0.708,-8.875,-0.2,0.42,-0.122,-0.373,2.25,1.1,642.238,291.269,7.285,7.671,48.716,44.224,44.224,4.492,-16.569,-6.005,-10.565,7.285,44.224,0.5051178880322033
917,1_4,3_4_2_1,44.431,45.641,44.768,45.018,-16.152,-15.9,-18.563,-26.548,1.065,1.084,1.101,1.028,1.028,-7.229,-0.27,0.06,-0.27,-0.2,0.245,0.224,-0.168,0.203,1.53,1.53,2.25,1.08,334.486,98.427,334.486,642.238,1.019,1.055,1.656,-8.44,0.06,-0.17,0.208,-0.334,1.08,1.5,98.427,185.535,9.468,8.885,44.431,45.018,44.431,-0.587,-18.563,-26.548,7.985,8.885,44.431,0.5259480829872205
528,2_2,5_1_4_9,37.314,37.314,41.71,41.71,-13.746,-13.746,-16.228,-16.228,0.905,1.126,0.905,1.12,-1.266,-8.337,-0.2,0.42,0.66,-0.27,-0.036,0.272,-0.253,0.415,2.25,1.02,1.53,1.1,642.238,291.269,164.182,334.486,0.978,0.978,-1.736,-9.745,0.66,0.66,-0.268,-0.268,1.02,1.02,164.182,164.182,8.479,6.601,37.314,37.314,37.314,0.0,-16.228,-16.228,0.0,6.601,37.314,-0.1902282334130548
823,2_6,5_3_3_6,34.638,33.341,33.688,32.151,-19.331,-22.042,-23.117,-23.196,1.022,1.018,0.986,1.066,-0.035,-8.041,-0.2,0.0,0.06,0.06,-0.261,0.268,0.34,0.351,2.25,1.08,1.08,1.0,642.238,60.96,98.427,98.427,1.071,0.882,-0.457,-9.433,0.66,0.0,-0.38,-0.33,1.02,1.0,164.182,60.96,9.398,7.583,33.688,32.151,32.151,1.537,-23.117,-23.196,0.079,7.583,32.151,-0.709775559754859
985,1_6,1_1_3_5,31.464,32.869,31.714,33.884,-32.168,-28.503,-28.244,-33.039,0.879,1.164,0.965,1.059,-0.779,-8.281,0.06,-0.2,0.66,0.06,0.377,0.252,-0.328,0.408,1.08,1.02,1.08,2.25,98.427,642.238,164.182,98.427,0.983,1.082,1.33,-8.949,0.06,0.0,0.223,-0.568,1.08,1.0,98.427,60.96,8.17,9.611,31.464,32.869,31.464,-1.405,-32.168,-33.039,0.87,8.17,31.464,-0.7789076560548439
816,2_6,4_1_6_1,30.009,29.887,30.349,30.232,-21.322,-22.288,-21.891,-23.0,1.031,1.129,1.118,0.881,-0.51,-8.176,-0.17,0.06,0.66,0.0,0.266,0.225,-0.355,-0.213,1.5,1.02,1.0,1.08,185.535,98.427,164.182,60.96,1.071,0.882,-0.457,-9.433,0.66,0.0,-0.38,-0.33,1.02,1.0,164.182,60.96,8.923,7.719,30.009,29.887,29.887,0.121,-21.891,-23.0,1.108,7.719,29.887,-0.9375995277652883
86,3_9,2_4_2_2,49.835,50.67,51.174,49.815,1.878,2.331,0.236,1.034,1.088,0.937,0.886,1.207,-1.068,-8.436,0.66,0.66,-0.27,-0.2,-0.34,0.308,0.021,0.414,1.02,1.53,2.25,1.02,164.182,164.182,334.486,642.238,0.875,1.158,-0.377,-8.19,-0.27,0.42,0.224,-0.481,1.53,1.1,334.486,291.269,7.122,8.059,49.835,49.815,49.815,0.02,0.236,1.034,-0.798,7.122,49.815,1.067734409739937
432,9_9,6_3_2_2,33.651,33.651,33.959,33.959,-13.583,-13.583,-14.182,-14.182,1.076,0.902,0.867,1.119,-0.929,-8.559,0.0,0.66,0.06,-0.2,-0.35,0.305,0.02,0.392,1.0,1.08,2.25,1.02,60.96,164.182,98.427,642.238,0.947,0.946,-1.736,-9.188,0.42,0.42,-0.281,-0.281,1.1,1.1,291.269,291.269,8.259,6.823,33.651,33.651,33.651,0.0,-14.182,-14.182,0.0,6.823,33.651,-0.5588321180518362
184,1_5,4_3_2_3,50.307,51.0,50.482,49.933,-3.705,-3.744,-16.975,-6.657,0.962,1.116,0.822,1.147,0.922,-7.297,-0.17,-0.27,0.06,-0.2,0.169,0.229,-0.194,0.396,1.5,1.08,2.25,1.53,185.535,334.486,98.427,642.238,1.011,1.054,1.418,-8.429,0.06,-0.2,0.22,-0.329,1.08,2.25,98.427,642.238,9.351,8.715,50.307,49.933,49.933,0.374,-16.975,-6.657,-10.318,8.715,49.933,1.0796086271539085
978,4_6,2_1_6_6,28.559,27.573,29.153,28.058,-31.454,-25.476,-26.138,-31.616,0.999,0.992,1.037,0.907,-2.1,-8.67,0.66,0.0,0.66,0.0,-0.266,0.311,-0.094,-0.281,1.02,1.02,1.0,1.0,164.182,60.96,164.182,60.96,0.975,1.037,1.376,-8.571,-0.17,0.0,-0.226,-0.472,1.5,1.0,185.535,60.96,6.471,10.046,28.559,27.573,27.573,0.986,-31.454,-31.616,0.162,6.471,27.573,-1.170454943832485
534,2_9,3_3_4_1,27.956,28.705,29.677,30.977,-22.368,-22.248,-24.996,-16.259,1.026,1.068,0.945,1.072,0.6,-7.451,-0.27,0.06,0.06,-0.27,0.187,0.231,0.146,0.262,1.53,1.08,1.53,1.08,334.486,98.427,98.427,334.486,0.993,0.929,-1.74,-9.532,0.66,0.42,-0.296,-0.254,1.02,1.1,164.182,291.269,10.132,5.711,27.956,28.705,27.956,-0.749,-24.996,-22.248,-2.748,5.711,27.956,-1.1319140517176465
294,3_9,2_4_4_8,46.894,50.277,46.422,45.227,1.33,-1.115,-10.625,-10.31,1.191,0.891,0.93,1.118,-1.133,-8.228,0.66,0.45,-0.27,-0.27,-0.433,0.31,0.364,0.343,1.02,1.53,1.53,1.75,164.182,467.957,334.486,334.486,0.875,1.158,-0.377,-8.19,-0.27,0.42,0.224,-0.481,1.53,1.1,334.486,291.269,7.057,7.851,46.422,45.227,45.227,1.195,-10.625,-10.31,-0.315,7.057,45.227,0.6060487360509579
892,1_8,3_3_1_2,29.717,32.087,31.766,33.245,-18.463,-18.233,-20.119,-25.654,1.041,1.015,1.131,0.951,-2.005,-7.849,-0.27,0.66,0.06,0.66,-0.289,0.315,-0.132,0.301,1.53,1.08,1.02,1.02,334.486,164.182,98.427,164.182,0.894,1.125,-0.239,-9.257,0.06,0.45,0.324,-0.475,1.08,1.75,98.427,467.957,7.252,7.61,29.717,32.087,29.717,-2.37,-20.119,-25.654,5.535,7.252,29.717,-0.9547064511582978
425,6_8,3_2_1_4,34.135,34.404,35.397,35.628,-13.411,-13.724,-12.833,-14.036,0.98,1.111,1.093,1.05,-0.122,-7.441,-0.27,-0.17,-0.2,0.66,0.159,0.228,-0.128,-0.193,1.53,2.25,1.02,1.5,334.486,185.535,642.238,164.182,0.895,1.043,-0.348,-9.411,0.0,0.45,-0.35,-0.368,1.0,1.75,60.96,467.957,9.289,7.092,34.135,34.404,34.135,-0.269,-13.411,-14.036,0.625,7.092,34.135,-0.5101277008623281
713,3_6,4_2_6_1,36.018,39.785,38.088,37.676,-23.483,-20.719,-20.262,-20.407,1.077,1.134,1.018,1.011,0.67,-7.578,-0.17,0.06,-0.2,0.0,0.237,0.217,-0.355,-0.057,1.5,2.25,1.0,1.08,185.535,98.427,642.238,60.96,0.973,1.133,1.54,-7.815,-0.27,0.0,0.121,-0.576,1.53,1.0,334.486,60.96,8.485,9.118,36.018,37.676,36.018,-1.658,-23.483,-20.719,-2.764,8.485,36.018,-0.32064336704446644
260,4_8,3_6_4_9,36.99,37.137,35.672,46.351,-0.272,-1.959,-14.301,-9.416,0.955,1.172,0.87,1.193,-0.65,-7.344,-0.27,0.42,0.0,-0.27,0.225,0.232,-0.443,0.421,1.53,1.0,1.53,1.1,334.486,291.269,60.96,334.486,0.873,1.087,-0.165,-8.898,-0.17,0.45,-0.122,-0.391,1.5,1.75,185.535,467.957,8.248,7.179,35.672,37.137,35.672,-1.465,-14.301,-9.416,-4.885,7.179,35.672,-0.3554609875972974
237,7_9,4_3_2_8,40.527,39.451,39.281,39.021,-4.606,-6.967,-8.771,-8.643,1.119,0.864,0.929,1.052,-0.478,-8.08,-0.17,0.45,0.06,-0.2,-0.29,0.262,0.388,-0.001,1.5,1.08,2.25,1.75,185.535,467.957,98.427,642.238,0.939,1.048,-1.088,-8.015,-0.01,0.42,-0.156,-0.35,2.7,1.1,636.378,291.269,7.536,6.992,39.281,39.021,39.021,0.26,-8.771,-8.643,-0.128,6.992,39.021,-0.01845459675501477
559,5_7,3_3_6_6,41.352,42.636,40.174,45.731,-19.528,-17.74,-21.685,-16.756,1.023,1.094,1.058,1.047,0.147,-7.276,-0.27,0.0,0.06,0.0,0.06,0.235,0.302,-0.316,1.53,1.08,1.0,1.0,334.486,60.96,98.427,60.96,1.04,1.094,0.231,-7.776,-0.2,-0.01,-0.199,-0.259,2.25,2.7,642.238,636.378,7.924,7.507,40.174,42.636,40.174,-2.463,-21.685,-17.74,-3.945,7.507,40.174,0.09757059543404197
583,2_6,4_4_2_1,37.866,37.292,36.961,37.315,-16.422,-17.617,-16.609,-17.488,1.01,1.07,0.998,1.081,1.01,-7.73,-0.17,0.06,-0.27,-0.2,0.249,0.224,-0.169,0.28,1.5,1.53,2.25,1.08,185.535,98.427,334.486,642.238,1.071,0.882,-0.457,-9.433,0.66,0.0,-0.38,-0.33,1.02,1.0,164.182,60.96,10.443,7.273,36.961,37.292,36.961,-0.331,-16.609,-17.617,1.008,7.273,36.961,-0.225750256693833
445,2_3,1_3_3_5,41.282,43.134,42.988,44.116,-6.085,-15.474,-18.225,-14.533,1.037,1.035,0.996,1.036,0.112,-8.116,0.06,-0.2,0.06,0.06,0.182,0.24,0.261,0.338,1.08,1.08,1.08,2.25,98.427,642.238,98.427,98.427,1.209,0.871,0.011,-8.258,0.66,-0.27,-0.5,0.238,1.02,1.53,164.182,334.486,8.37,8.127,41.282,43.134,41.282,-1.852,-18.225,-15.474,-2.751,8.127,41.282,0.20906748437200784
867,6_8,2_1_6_9,29.525,28.95,28.769,29.843,-18.242,-21.13,-25.35,-24.798,0.957,1.011,0.942,0.964,-2.608,-8.946,0.66,0.42,0.66,0.0,-0.229,0.317,-0.107,-0.184,1.02,1.02,1.0,1.1,164.182,291.269,164.182,60.96,0.895,1.043,-0.348,-9.411,0.0,0.45,-0.35,-0.368,1.0,1.75,60.96,467.957,6.803,8.598,28.769,28.95,28.769,-0.181,-25.35,-24.798,-0.552,6.803,28.769,-1.0501027063146082
800,1_6,4_6_3_4,35.208,35.826,36.255,36.329,-25.717,-26.42,-27.521,-22.617,1.057,1.018,1.075,0.987,0.269,-7.513,-0.17,-0.17,0.0,0.06,-0.306,0.254,0.385,-0.334,1.5,1.0,1.08,1.5,185.535,185.535,60.96,98.427,0.983,1.082,1.33,-8.949,0.06,0.0,0.223,-0.568,1.08,1.0,98.427,60.96,9.218,8.843,35.208,35.826,35.208,-0.618,-27.521,-26.42,-1.101,8.843,35.208,-0.402152825564099
599,3_6,2_6_2_8,34.464,30.459,35.24,32.688,-15.378,-15.785,-17.737,-17.725,1.158,1.042,0.895,1.059,-1.368,-8.536,0.66,0.45,0.0,-0.2,-0.354,0.297,-0.147,0.047,1.02,1.0,2.25,1.75,164.182,467.957,60.96,642.238,0.973,1.133,1.54,-7.815,-0.27,0.0,0.121,-0.576,1.53,1.0,334.486,60.96,6.447,10.076,34.464,30.459,30.459,4.005,-17.737,-17.725,-0.012,6.447,30.459,-0.8800397619958691
849,6_9,1_1_2_6,30.306,30.927,31.02,31.216,-22.69,-24.227,-23.777,-24.209,0.911,1.143,1.036,1.033,-0.456,-8.433,0.06,0.0,0.66,-0.2,0.358,0.247,-0.28,-0.034,1.08,1.02,2.25,1.0,98.427,60.96,164.182,642.238,0.896,1.023,-0.657,-9.131,0.0,0.42,-0.355,-0.364,1.0,1.1,60.96,291.269,8.675,7.775,30.306,30.927,30.306,-0.621,-23.777,-24.227,0.45,7.775,30.306,-0.8954359930495772
265,4_5,2_2_1_2,42.391,44.146,42.18,43.041,-6.282,-8.461,-18.584,-9.65,1.067,1.03,0.931,1.073,-2.069,-9.082,0.66,0.66,-0.2,0.66,-0.246,0.322,-0.085,0.072,1.02,2.25,1.02,1.02,164.182,164.182,642.238,164.182,0.999,1.017,1.462,-8.094,-0.17,-0.2,-0.228,-0.241,1.5,2.25,185.535,642.238,6.024,10.544,42.18,43.041,42.18,-0.861,-18.584,-9.65,-8.934,6.024,42.18,0.29943229147155115
995,6_6,1_1_6_6,28.771,28.771,28.771,28.771,-36.183,-36.183,-36.184,-36.184,0.887,1.146,1.081,1.045,-0.673,-8.478,0.06,0.0,0.66,0.0,0.357,0.246,-0.293,-0.257,1.08,1.02,1.0,1.0,98.427,60.96,164.182,60.96,0.998,0.998,1.102,-9.105,0.0,0.0,-0.454,-0.454,1.0,1.0,60.96,60.96,8.432,9.581,28.771,28.771,28.771,0.0,-36.184,-36.184,0.0,8.432,28.771,-1.0499014483923372
529,4_9,3_4_3_8,31.865,37.908,35.331,39.472,-12.889,-6.655,-17.573,-16.233,0.966,1.108,0.895,1.156,-0.669,-7.484,-0.27,0.45,-0.27,0.06,0.161,0.244,0.118,0.484,1.53,1.53,1.08,1.75,334.486,467.957,334.486,98.427,0.875,1.066,-0.546,-8.904,-0.17,0.42,-0.127,-0.385,1.5,1.1,185.535,291.269,8.234,6.938,31.865,37.908,31.865,-6.042,-17.573,-16.233,-1.34,6.938,31.865,-0.7385554426395692
55,2_8,3_2_2_8,57.99,60.487,56.789,55.931,19.641,18.381,7.659,7.281,1.171,1.093,0.866,1.094,-0.323,-7.327,-0.27,0.45,-0.2,-0.2,0.133,0.224,-0.132,0.098,1.53,2.25,2.25,1.75,334.486,467.957,642.238,642.238,0.99,0.949,-1.494,-9.69,0.66,0.45,-0.29,-0.26,1.02,1.75,164.182,467.957,9.367,5.832,56.789,55.931,55.931,0.858,7.659,7.281,0.378,5.832,55.931,1.6831811360437288
120,1_4,4_1_2_5,46.098,47.962,49.16,50.807,-8.311,-5.979,-4.729,-2.422,1.077,1.086,1.025,0.977,-0.095,-8.026,-0.17,-0.2,0.66,-0.2,-0.107,0.26,-0.192,-0.024,1.5,1.02,2.25,2.25,185.535,642.238,164.182,642.238,1.019,1.055,1.656,-8.44,0.06,-0.17,0.208,-0.334,1.08,1.5,98.427,185.535,8.345,9.682,46.098,47.962,46.098,-1.865,-8.311,-5.979,-2.333,8.345,46.098,0.6936965611998467
215,6_7,4_2_3_2,40.215,38.267,39.178,37.467,-7.179,-7.359,-7.266,-8.046,1.206,0.798,1.055,0.926,-0.556,-8.24,-0.17,0.66,-0.2,0.06,-0.47,0.311,0.528,-0.124,1.5,2.25,1.08,1.02,185.535,164.182,642.238,98.427,1.0,1.0,-0.294,-7.636,0.0,-0.01,-0.429,-0.25,1.0,2.7,60.96,636.378,7.079,7.946,39.178,37.467,37.467,1.711,-7.266,-8.046,0.78,7.079,37.467,-0.1748320023593466
25,4_6,5_2_2_6,71.152,72.58,70.751,72.768,7.672,11.544,6.954,13.08,1.028,1.0,1.094,1.143,1.021,-7.778,-0.2,0.0,-0.2,-0.2,-0.219,0.23,-0.026,-0.013,2.25,2.25,2.25,1.0,642.238,60.96,642.238,642.238,0.975,1.037,1.376,-8.571,-0.17,0.0,-0.226,-0.472,1.5,1.0,185.535,60.96,9.592,9.154,70.751,72.58,70.751,-1.829,6.954,11.544,-4.589,9.154,70.751,3.1745023400695946
72,3_3,3_3_2_5,50.244,50.244,52.432,52.432,-2.405,-2.405,3.191,3.191,1.109,0.855,1.03,0.983,0.743,-7.28,-0.27,-0.2,0.06,-0.2,0.035,0.234,0.331,-0.091,1.53,1.08,2.25,2.25,334.486,642.238,98.427,642.238,1.074,1.074,1.92,-7.114,-0.27,-0.27,0.023,0.023,1.53,1.53,334.486,334.486,7.857,9.2,50.244,50.244,50.244,0.0,-2.405,-2.405,0.0,7.857,50.244,1.1109042340670017
44,3_6,3_2_2_8,59.599,63.98,64.957,64.921,9.745,9.372,7.784,9.471,1.171,1.093,0.866,1.094,-0.323,-7.327,-0.27,0.45,-0.2,-0.2,0.133,0.224,-0.132,0.098,1.53,2.25,2.25,1.75,334.486,467.957,642.238,642.238,0.973,1.133,1.54,-7.815,-0.27,0.0,0.121,-0.576,1.53,1.0,334.486,60.96,7.492,8.867,59.599,63.98,59.599,-4.38,7.784,9.372,-1.588,7.492,59.599,2.052288165488187
247,5_8,3_1_1_2,38.968,39.236,39.918,42.611,-2.86,-0.225,-12.655,-8.986,1.046,1.009,1.235,0.824,-2.026,-8.282,-0.27,0.66,0.66,0.66,-0.283,0.316,-0.064,-0.304,1.53,1.02,1.02,1.02,334.486,164.182,164.182,164.182,0.871,1.076,-0.346,-8.89,-0.2,0.45,-0.115,-0.378,2.25,1.75,642.238,467.957,6.863,7.935,38.968,39.236,38.968,-0.268,-12.655,-8.986,-3.67,6.863,38.968,-0.023787931695187968
721,2_4,5_3_4_1,41.387,37.966,43.662,39.352,-6.493,-19.301,-17.698,-20.602,1.021,1.08,0.866,1.112,0.356,-7.787,-0.2,0.06,0.06,-0.27,0.2,0.232,0.148,0.352,2.25,1.08,1.53,1.08,642.238,98.427,98.427,334.486,1.11,0.864,-0.212,-8.953,0.66,-0.17,-0.399,-0.107,1.02,1.5,164.182,185.535,9.308,7.574,41.387,37.966,37.966,3.421,-17.698,-20.602,2.904,7.574,37.966,-0.12461815075280745
281,2_9,3_6_1_2,30.73,29.922,32.056,31.51,-8.31,-9.382,-9.745,-10.047,1.066,0.99,1.158,0.913,-1.759,-7.82,-0.27,0.66,0.0,0.66,-0.317,0.308,-0.081,-0.385,1.53,1.0,1.02,1.02,334.486,164.182,60.96,164.182,0.993,0.929,-1.74,-9.532,0.66,0.42,-0.296,-0.254,1.02,1.1,164.182,291.269,7.773,6.08,30.73,29.922,29.922,0.808,-9.745,-10.047,0.302,6.08,29.922,-0.9340775141255512
893,4_6,2_6_6_6,33.607,32.069,33.98,32.731,-20.544,-19.545,-20.698,-25.656,1.102,0.913,1.029,0.965,-1.068,-8.352,0.66,0.0,0.0,0.0,-0.374,0.291,-0.152,-0.294,1.02,1.0,1.0,1.0,164.182,60.96,60.96,60.96,0.975,1.037,1.376,-8.571,-0.17,0.0,-0.226,-0.472,1.5,1.0,185.535,60.96,7.503,9.728,33.607,32.069,32.069,1.538,-20.698,-25.656,4.957,7.503,32.069,-0.7180271345679576
914,1_1,5_1_3_4,36.369,36.369,37.586,37.586,-24.026,-24.026,-26.477,-26.477,1.055,0.988,1.124,0.859,-0.808,-7.988,-0.2,-0.17,0.66,0.06,-0.279,0.263,0.403,-0.246,2.25,1.02,1.08,1.5,642.238,185.535,164.182,98.427,1.061,1.061,1.545,-8.806,0.06,0.06,0.124,0.124,1.08,1.08,98.427,98.427,7.998,9.533,36.369,36.369,36.369,0.0,-26.477,-26.477,0.0,7.998,36.369,-0.2853226016859592
810,3_3,1_2_6_6,39.906,39.906,39.266,39.266,-28.278,-28.278,-22.812,-22.812,1.004,1.048,1.092,1.094,0.45,-7.821,0.06,0.0,-0.2,0.0,0.239,0.223,-0.147,-0.254,1.08,2.25,1.0,1.0,98.427,60.96,642.238,60.96,1.074,1.074,1.92,-7.114,-0.27,-0.27,0.023,0.023,1.53,1.53,334.486,334.486,7.564,9.741,39.266,39.266,39.266,0.0,-28.278,-28.278,0.0,7.564,39.266,0.006199498723145363
244,2_3,3_6_4_7,42.065,31.965,42.293,36.588,-4.188,-6.784,-7.461,-8.943,1.022,1.162,0.966,1.137,-0.186,-6.559,-0.27,-0.01,0.0,-0.27,0.178,0.226,-0.42,0.344,1.53,1.0,1.53,2.7,334.486,636.378,60.96,334.486,1.209,0.871,0.011,-8.258,0.66,-0.27,-0.5,0.238,1.02,1.53,164.182,334.486,8.072,6.57,42.065,31.965,31.965,10.1,-7.461,-8.943,1.483,6.57,31.965,-0.7284925465260341
822,8_9,2_1_6_4,33.008,29.107,32.557,33.341,-15.286,-15.254,-22.628,-23.194,1.023,0.987,1.088,0.937,-1.884,-8.401,0.66,-0.17,0.66,0.0,-0.285,0.312,-0.083,-0.294,1.02,1.02,1.0,1.5,164.182,185.535,164.182,60.96,0.968,0.942,-1.586,-9.126,0.45,0.42,-0.289,-0.275,1.75,1.1,467.957,291.269,7.241,6.816,32.557,29.107,29.107,3.451,-22.628,-23.194,0.566,6.816,29.107,-1.0160901174508603
321,2_2,3_6_1_3,29.001,29.001,30.708,30.708,-9.311,-9.311,-11.076,-11.076,0.892,1.186,1.156,1.036,-0.101,-7.214,-0.27,-0.27,0.0,0.66,0.24,0.243,-0.293,-0.349,1.53,1.0,1.02,1.53,334.486,334.486,60.96,164.182,0.978,0.978,-1.736,-9.745,0.66,0.66,-0.268,-0.268,1.02,1.02,164.182,164.182,9.644,5.478,29.001,29.001,29.001,0.0,-11.076,-11.076,0.0,5.478,29.001,-1.0267567873312071
643,8_8,2_1_4_3,28.515,28.515,30.707,30.707,-18.567,-18.567,-18.612,-18.612,1.077,1.013,1.146,0.92,-1.851,-7.64,0.66,-0.27,0.66,-0.27,-0.299,0.312,-0.11,0.179,1.02,1.02,1.53,1.53,164.182,334.486,164.182,334.486,0.949,1.031,-0.671,-9.446,0.45,0.45,-0.246,-0.325,1.75,1.75,467.957,467.957,7.595,6.969,28.515,28.515,28.515,0.0,-18.612,-18.612,0.0,6.969,28.515,-1.0756624624429865
158,5_5,5_1_4_2,72.417,72.417,61.956,61.956,33.781,33.781,-5.594,-5.594,1.192,0.896,1.134,0.886,-1.176,-8.229,-0.2,0.66,0.66,-0.27,-0.455,0.305,0.434,-0.256,2.25,1.02,1.53,1.02,642.238,164.182,164.182,334.486,1.004,1.004,1.342,-8.123,-0.2,-0.2,-0.226,-0.226,2.25,2.25,642.238,642.238,6.947,9.571,61.956,61.956,61.956,0.0,-5.594,-5.594,0.0,6.947,61.956,2.289470626884204
977,3_5,1_3_1_6,35.165,28.888,36.276,29.934,-29.574,-29.641,-29.966,-31.206,1.044,1.034,1.107,0.876,-1.018,-8.537,0.06,0.0,0.06,0.66,0.191,0.242,0.316,-0.248,1.08,1.08,1.02,1.0,98.427,60.96,98.427,164.182,0.998,1.101,1.621,-7.471,-0.27,-0.2,0.12,-0.333,1.53,2.25,334.486,642.238,6.453,10.158,35.165,28.888,28.888,6.276,-29.966,-31.206,1.24,6.453,28.888,-1.0381278599395014
429,3_3,1_3_2_7,46.454,46.454,45.055,45.055,-11.439,-11.439,-14.124,-14.124,1.087,0.926,1.016,0.998,0.202,-7.981,0.06,-0.01,0.06,-0.2,0.156,0.234,0.316,-0.078,1.08,1.08,2.25,2.7,98.427,636.378,98.427,642.238,1.074,1.074,1.92,-7.114,-0.27,-0.27,0.023,0.023,1.53,1.53,334.486,334.486,7.316,9.901,45.055,45.055,45.055,0.0,-14.124,-14.124,0.0,7.316,45.055,0.5887405547356782
941,1_1,4_6_4_5,37.719,37.719,40.398,40.398,-24.991,-24.991,-28.465,-28.465,1.08,1.121,1.011,1.046,0.493,-7.299,-0.17,-0.2,0.0,-0.27,-0.188,0.238,-0.316,0.286,1.5,1.0,1.53,2.25,185.535,642.238,60.96,334.486,1.061,1.061,1.545,-8.806,0.06,0.06,0.124,0.124,1.08,1.08,98.427,98.427,9.299,8.844,37.719,37.719,37.719,0.0,-28.465,-28.465,0.0,8.844,37.719,-0.14947350415323854
462,2_8,3_6_3_3,26.262,26.559,28.285,28.29,-12.009,-13.036,-15.207,-15.007,1.043,1.053,1.161,1.009,0.653,-6.984,-0.27,-0.27,0.0,0.06,0.029,0.231,0.321,-0.421,1.53,1.0,1.08,1.53,334.486,334.486,60.96,98.427,0.99,0.949,-1.494,-9.69,0.66,0.45,-0.29,-0.26,1.02,1.75,164.182,467.957,10.343,5.49,26.262,26.559,26.262,-0.297,-15.207,-15.007,-0.2,5.49,26.262,-1.3023795118809267
309,4_4,4_1_2_2,38.405,38.405,39.832,39.832,-9.833,-9.833,-10.67,-10.67,1.103,0.909,1.118,0.956,-0.943,-8.527,-0.17,0.66,0.66,-0.2,-0.365,0.302,0.091,-0.214,1.5,1.02,2.25,1.02,185.535,164.182,164.182,642.238,1.012,1.013,1.714,-8.088,-0.17,-0.17,-0.243,-0.243,1.5,1.5,185.535,185.535,7.145,10.242,38.405,38.405,38.405,0.0,-10.67,-10.67,0.0,7.145,38.405,-0.08044203681438944
697,7_8,2_4_4_1,41.449,40.365,39.917,39.783,-9.435,-8.74,-19.798,-20.092,1.029,1.078,0.907,1.193,-0.664,-7.961,0.66,0.06,-0.27,-0.27,0.235,0.239,0.138,0.373,1.02,1.53,1.53,1.08,164.182,98.427,334.486,334.486,0.918,1.064,-0.93,-7.913,-0.01,0.45,-0.153,-0.358,2.7,1.75,636.378,467.957,7.249,7.03,39.917,39.783,39.783,0.133,-19.798,-20.092,0.294,7.03,39.783,0.05822467163012086
60,1_8,3_2_2_8,59.764,64.937,59.242,62.922,16.133,8.592,6.094,5.82,1.171,1.093,0.866,1.094,-0.323,-7.327,-0.27,0.45,-0.2,-0.2,0.133,0.224,-0.132,0.098,1.53,2.25,2.25,1.75,334.486,467.957,642.238,642.238,0.894,1.125,-0.239,-9.257,0.06,0.45,0.324,-0.475,1.08,1.75,98.427,467.957,8.934,7.087,59.242,62.922,59.242,-3.68,6.094,5.82,0.274,7.087,59.242,2.0163636263628675
884,7_8,1_3_6_3,35.34,32.966,35.805,35.381,-13.931,-13.752,-18.219,-25.35,1.058,1.009,1.164,0.982,0.496,-7.532,0.06,-0.27,0.06,0.0,0.134,0.231,0.31,-0.431,1.08,1.08,1.0,1.53,98.427,334.486,98.427,60.96,0.918,1.064,-0.93,-7.913,-0.01,0.45,-0.153,-0.358,2.7,1.75,636.378,467.957,8.408,6.601,35.34,32.966,32.966,2.374,-18.219,-25.35,7.131,6.601,32.966,-0.6277629564295502
595,1_3,2_2_6_2,36.314,36.2,37.581,37.712,-16.444,-16.089,-17.498,-17.656,1.084,0.894,1.02,1.136,-1.562,-8.571,0.66,0.66,-0.2,0.0,-0.354,0.302,0.056,-0.154,1.02,2.25,1.0,1.02,164.182,164.182,642.238,60.96,1.104,1.048,1.779,-7.75,0.06,-0.27,0.121,0.017,1.08,1.53,98.427,334.486,6.187,10.349,36.314,36.2,36.2,0.113,-17.498,-17.656,0.158,6.187,36.2,-0.3023288961178328
767,3_9,1_4_1_7,37.898,37.825,39.936,37.109,-11.45,-11.104,39.936,-21.63,1.121,0.98,1.116,0.894,-1.357,-7.615,0.06,-0.01,-0.27,0.66,0.152,0.237,0.228,-0.202,1.08,1.53,1.02,2.7,98.427,636.378,334.486,164.182,0.875,1.158,-0.377,-8.19,-0.27,0.42,0.224,-0.481,1.53,1.1,334.486,291.269,6.833,7.238,37.898,37.109,37.109,0.789,-11.45,-21.63,10.18,6.833,37.109,-0.21085717044580107
649,1_7,3_6_1_7,33.779,34.326,34.524,35.448,-11.056,-8.981,-13.047,-18.793,1.023,1.155,1.087,0.951,-1.168,-7.19,-0.27,-0.01,0.0,0.66,0.175,0.226,-0.36,-0.173,1.53,1.0,1.02,2.7,334.486,636.378,60.96,164.182,0.988,1.077,-0.192,-7.615,0.06,-0.01,0.249,-0.355,1.08,2.7,98.427,636.378,6.446,6.998,33.779,34.326,33.779,-0.548,-13.047,-18.793,5.745,6.446,33.779,-0.5459516110265116
650,1_5,3_3_1_7,38.327,43.337,41.273,41.433,-11.59,-6.086,-17.398,-18.839,1.052,1.027,1.116,0.923,-1.387,-7.304,-0.27,-0.01,0.06,0.66,0.083,0.243,0.324,-0.228,1.53,1.08,1.02,2.7,334.486,636.378,98.427,164.182,1.011,1.054,1.418,-8.429,0.06,-0.2,0.22,-0.329,1.08,2.25,98.427,642.238,7.042,8.721,38.327,41.433,38.327,-3.106,-17.398,-18.839,1.441,7.042,38.327,-0.08829109578294692
865,4_9,1_6_2_8,34.448,32.291,33.049,33.41,-14.834,-23.411,-17.942,-24.775,1.054,1.137,0.881,1.101,-0.72,-8.132,0.06,0.45,0.0,-0.2,0.274,0.225,-0.372,0.069,1.08,1.0,2.25,1.75,98.427,467.957,60.96,642.238,0.875,1.066,-0.546,-8.904,-0.17,0.42,-0.127,-0.385,1.5,1.1,185.535,291.269,8.184,7.585,33.049,32.291,32.291,0.758,-17.942,-24.775,6.832,7.585,32.291,-0.6956875051959108
668,6_9,2_6_4_4,25.553,31.762,27.987,31.081,-18.07,-18.848,-17.932,-19.218,1.152,1.025,1.041,0.972,-0.95,-7.796,0.66,-0.17,0.0,-0.27,-0.366,0.294,-0.18,0.244,1.02,1.0,1.53,1.5,164.182,185.535,60.96,334.486,0.896,1.023,-0.657,-9.131,0.0,0.42,-0.355,-0.364,1.0,1.1,60.96,291.269,8.18,7.138,25.553,31.081,25.553,-5.528,-18.07,-19.218,1.148,7.138,25.553,-1.373725445325889
298,3_8,3_2_3_6,40.605,45.667,41.234,45.346,-6.812,-8.978,-18.921,-10.43,0.954,1.121,0.827,1.148,0.728,-7.463,-0.27,0.0,-0.2,0.06,0.176,0.23,-0.202,0.407,1.53,2.25,1.08,1.0,334.486,60.96,642.238,98.427,0.88,1.182,0.092,-8.147,-0.27,0.45,0.225,-0.489,1.53,1.75,334.486,467.957,8.875,7.555,40.605,45.346,40.605,-4.741,-18.921,-10.43,-8.491,7.555,40.605,0.14094167768337693
689,1_8,4_2_6_8,33.846,34.171,34.528,34.866,-17.097,-15.115,-19.394,-19.916,0.972,1.031,0.977,1.128,-0.565,-7.723,-0.17,0.45,-0.2,0.0,-0.175,0.241,-0.079,-0.142,1.5,2.25,1.0,1.75,185.535,467.957,642.238,60.96,0.894,1.125,-0.239,-9.257,0.06,0.45,0.324,-0.475,1.08,1.75,98.427,467.957,8.693,7.484,33.846,34.171,33.846,-0.325,-19.394,-19.916,0.521,7.484,33.846,-0.5392094706304439
314,6_7,3_3_2_4,37.732,38.952,37.544,37.672,-10.308,-10.448,-12.122,-10.768,1.096,0.922,1.037,0.993,0.699,-7.235,-0.27,-0.17,0.06,-0.2,0.041,0.234,0.327,-0.105,1.53,1.08,2.25,1.5,334.486,185.535,98.427,642.238,1.0,1.0,-0.294,-7.636,0.0,-0.01,-0.429,-0.25,1.0,2.7,60.96,636.378,8.335,6.941,37.544,37.672,37.544,-0.127,-12.122,-10.768,-1.354,6.941,37.544,-0.16708357235192495
310,3_9,5_2_6_4,42.534,40.249,45.933,46.215,-1.328,-2.017,1.407,-10.722,1.109,1.112,0.998,1.014,0.841,-7.405,-0.2,-0.17,-0.2,0.0,-0.225,0.233,-0.257,-0.039,2.25,2.25,1.0,1.5,642.238,185.535,642.238,60.96,0.875,1.158,-0.377,-8.19,-0.27,0.42,0.224,-0.481,1.53,1.1,334.486,291.269,9.031,7.028,42.534,40.249,40.249,2.285,-1.328,-10.722,9.395,7.028,40.249,0.10511776751919338
361,7_9,1_1_2_2,37.361,38.727,38.01,41.079,-10.016,-9.584,-12.114,-12.243,0.968,1.143,0.918,1.093,-1.076,-8.759,0.06,0.66,0.66,-0.2,0.377,0.253,-0.286,0.085,1.08,1.02,2.25,1.02,98.427,164.182,164.182,642.238,0.939,1.048,-1.088,-8.015,-0.01,0.42,-0.156,-0.35,2.7,1.1,636.378,291.269,6.939,7.67,37.361,38.727,37.361,-1.365,-12.114,-12.243,0.129,6.939,37.361,-0.1854986722396937
479,2_6,3_2_1_2,34.31,32.511,34.139,32.704,-13.154,-15.429,-13.467,-15.317,1.118,1.023,1.126,0.939,-1.587,-7.762,-0.27,0.66,-0.2,0.66,-0.294,0.313,-0.066,-0.146,1.53,2.25,1.02,1.02,334.486,164.182,642.238,164.182,1.071,0.882,-0.457,-9.433,0.66,0.0,-0.38,-0.33,1.02,1.0,164.182,60.96,7.846,7.304,34.139,32.511,32.511,1.628,-13.467,-15.429,1.962,7.304,32.511,-0.6735491337461336
110,4_4,5_1_1_5,40.91,40.91,46.131,46.131,-0.854,-0.854,-1.517,-1.517,0.904,1.114,1.114,0.904,-1.033,-8.396,-0.2,-0.2,0.66,0.66,-0.068,0.267,-0.182,-0.182,2.25,1.02,1.02,2.25,642.238,642.238,164.182,164.182,1.012,1.013,1.714,-8.088,-0.17,-0.17,-0.243,-0.243,1.5,1.5,185.535,185.535,7.056,10.11,40.91,40.91,40.91,0.0,-1.517,-1.517,0.0,7.056,40.91,0.1716335108296582
989,1_1,1_6_2_3,36.958,36.958,36.411,36.411,-25.415,-25.415,-34.269,-34.269,1.076,1.138,1.088,0.986,0.785,-7.128,0.06,-0.27,0.0,-0.2,0.23,0.217,-0.35,-0.139,1.08,1.0,2.25,1.53,98.427,334.486,60.96,642.238,1.061,1.061,1.545,-8.806,0.06,0.06,0.124,0.124,1.08,1.08,98.427,98.427,9.591,8.673,36.411,36.411,36.411,0.0,-34.269,-34.269,0.0,8.673,36.411,-0.2810961853182744
486,1_9,3_6_4_7,25.389,37.359,29.15,37.178,-14.791,-8.652,-16.662,-15.537,1.022,1.162,0.966,1.137,-0.186,-6.559,-0.27,-0.01,0.0,-0.27,0.178,0.226,-0.42,0.344,1.53,1.0,1.53,2.7,334.486,636.378,60.96,334.486,0.895,1.103,-0.687,-9.217,0.06,0.42,0.317,-0.467,1.08,1.1,98.427,291.269,9.031,5.872,25.389,37.178,25.389,-11.789,-16.662,-15.537,-1.125,5.872,25.389,-1.3902285949520863
363,3_3,4_4_2_1,49.848,49.848,49.136,49.136,-11.974,-11.974,-12.323,-12.323,1.01,1.07,0.998,1.081,1.01,-7.73,-0.17,0.06,-0.27,-0.2,0.249,0.224,-0.169,0.28,1.5,1.53,2.25,1.08,185.535,98.427,334.486,642.238,1.074,1.074,1.92,-7.114,-0.27,-0.27,0.023,0.023,1.53,1.53,334.486,334.486,8.124,9.65,49.136,49.136,49.136,0.0,-12.323,-12.323,0.0,8.124,49.136,0.9994073451290358
254,7_7,3_2_1_8,43.799,43.799,42.199,42.199,-3.716,-3.716,-9.148,-9.148,0.977,1.118,1.019,1.081,-1.374,-7.664,-0.27,0.45,-0.2,0.66,0.187,0.234,-0.138,-0.081,1.53,2.25,1.02,1.75,334.486,467.957,642.238,164.182,1.002,1.002,-0.542,-7.282,-0.01,-0.01,-0.228,-0.228,2.7,2.7,636.378,636.378,5.908,7.123,42.199,42.199,42.199,0.0,-9.148,-9.148,0.0,5.908,42.199,0.30134424173312263
259,4_8,3_2_1_9,34.384,37.992,36.34,37.982,-5.679,-10.094,-8.468,-9.366,0.954,1.12,1.019,1.074,-1.628,-7.678,-0.27,0.42,-0.2,0.66,0.197,0.235,-0.143,-0.082,1.53,2.25,1.02,1.1,334.486,291.269,642.238,164.182,0.873,1.087,-0.165,-8.898,-0.17,0.45,-0.122,-0.391,1.5,1.75,185.535,467.957,7.27,7.513,34.384,37.982,34.384,-3.597,-8.468,-10.094,1.626,7.27,34.384,-0.48507108953962597
802,4_8,4_4_6_2,36.49,33.49,35.169,35.7,-15.327,-13.861,-22.384,-22.639,1.152,1.025,1.041,0.972,-0.95,-7.796,-0.17,0.66,-0.27,0.0,-0.366,0.294,-0.18,0.244,1.5,1.53,1.0,1.02,185.535,164.182,334.486,60.96,0.873,1.087,-0.165,-8.898,-0.17,0.45,-0.122,-0.391,1.5,1.75,185.535,467.957,7.947,7.631,35.169,33.49,33.49,1.678,-22.384,-22.639,0.255,7.631,33.49,-0.5750333807946274
677,3_6,3_3_3_7,38.209,40.341,39.507,42.159,-16.333,-15.291,-19.641,-19.638,1.029,1.063,0.996,1.075,-0.61,-7.111,-0.27,-0.01,0.06,0.06,0.09,0.244,0.254,0.375,1.53,1.08,1.08,2.7,334.486,636.378,98.427,98.427,0.973,1.133,1.54,-7.815,-0.27,0.0,0.121,-0.576,1.53,1.0,334.486,60.96,7.206,8.651,38.209,40.341,38.209,-2.131,-19.641,-19.638,-0.003,7.206,38.209,-0.10016531319691754
494,8_8,2_1_1_7,31.842,31.842,32.424,32.424,-14.103,-14.103,-15.611,-15.611,1.041,1.022,1.141,0.851,-2.421,-8.114,0.66,-0.01,0.66,0.66,-0.258,0.32,-0.069,-0.19,1.02,1.02,1.02,2.7,164.182,636.378,164.182,164.182,0.949,1.031,-0.671,-9.446,0.45,0.45,-0.246,-0.325,1.75,1.75,467.957,467.957,7.025,7.443,31.842,31.842,31.842,0.0,-15.611,-15.611,0.0,7.025,31.842,-0.7408699087456821
670,1_2,2_6_6_8,35.518,35.727,36.841,37.382,-13.692,-14.782,-18.909,-19.309,1.079,0.943,0.925,1.017,-1.695,-8.591,0.66,0.45,0.0,0.0,-0.341,0.296,-0.166,-0.191,1.02,1.0,1.0,1.75,164.182,467.957,60.96,60.96,0.884,1.149,-0.36,-9.308,0.06,0.66,0.34,-0.479,1.08,1.02,98.427,164.182,7.613,8.23,35.518,35.727,35.518,-0.21,-18.909,-19.309,0.4,7.613,35.518,-0.37095784761214073
377,1_3,3_1_2_4,43.218,44.94,45.283,43.884,-10.739,-11.833,-12.3,-12.616,0.955,1.165,1.045,1.027,0.05,-7.607,-0.27,-0.17,0.66,-0.2,0.248,0.244,-0.285,-0.035,1.53,1.02,2.25,1.5,334.486,185.535,164.182,642.238,1.104,1.048,1.779,-7.75,0.06,-0.27,0.121,0.017,1.08,1.53,98.427,334.486,7.8,9.386,43.218,43.884,43.218,-0.666,-12.3,-12.616,0.316,7.8,43.218,0.4038851531300433
526,5_7,1_2_1_1,46.617,47.782,46.231,46.9,-20.164,-21.108,-15.035,-16.159,0.978,1.134,1.085,0.998,-0.415,-8.438,0.06,0.06,-0.2,0.66,0.354,0.248,-0.273,-0.13,1.08,2.25,1.02,1.08,98.427,98.427,642.238,164.182,1.04,1.094,0.231,-7.776,-0.2,-0.01,-0.199,-0.259,2.25,2.7,642.238,636.378,7.362,8.669,46.231,46.9,46.231,-0.669,-20.164,-21.108,0.943,7.362,46.231,0.7070802130308482
845,1_9,3_4_3_6,30.081,36.304,30.838,36.93,-17.045,-23.94,-25.124,-23.97,0.989,1.119,0.873,1.127,0.386,-7.24,-0.27,0.0,-0.27,0.06,0.115,0.236,0.135,0.362,1.53,1.53,1.08,1.0,334.486,60.96,334.486,98.427,0.895,1.103,-0.687,-9.217,0.06,0.42,0.317,-0.467,1.08,1.1,98.427,291.269,9.603,6.553,30.081,36.304,30.081,-6.224,-25.124,-23.97,-1.154,6.553,30.081,-0.9180775093050308
137,3_8,4_4_4_2,41.139,44.721,42.076,45.344,-3.643,-2.821,-5.716,-4.247,1.201,0.896,1.046,1.017,-0.529,-7.745,-0.17,0.66,-0.27,-0.27,-0.465,0.303,0.382,0.216,1.5,1.53,1.53,1.02,185.535,164.182,334.486,334.486,0.88,1.182,0.092,-8.147,-0.27,0.45,0.225,-0.489,1.53,1.75,334.486,467.957,7.618,7.837,41.139,44.721,41.139,-3.582,-5.716,-4.247,-1.469,7.618,41.139,0.19467754292965364
355,3_9,1_1_2_9,34.414,39.225,36.404,41.613,-10.429,-10.239,-11.048,-12.041,1.029,1.129,0.916,1.041,-1.207,-8.717,0.06,0.42,0.66,-0.2,0.369,0.251,-0.285,0.071,1.08,1.02,2.25,1.1,98.427,291.269,164.182,642.238,0.875,1.158,-0.377,-8.19,-0.27,0.42,0.224,-0.481,1.53,1.1,334.486,291.269,6.983,8.34,34.414,39.225,34.414,-4.811,-11.048,-12.041,0.993,6.983,34.414,-0.4820522207055654
365,2_3,3_4_6_5,41.201,41.88,43.638,42.579,-3.601,-9.062,-12.603,-12.356,1.02,1.08,1.132,1.103,0.64,-6.885,-0.27,-0.2,-0.27,0.0,0.076,0.226,0.199,-0.311,1.53,1.53,1.0,2.25,334.486,642.238,334.486,60.96,1.209,0.871,0.011,-8.258,0.66,-0.27,-0.5,0.238,1.02,1.53,164.182,334.486,8.898,6.896,41.201,41.88,41.201,-0.679,-12.603,-12.356,-0.247,6.896,41.201,0.200916538520045
942,1_4,4_3_6_6,37.123,37.42,37.8,37.935,-20.019,-28.229,-27.313,-28.518,1.041,1.026,1.039,1.006,0.021,-7.746,-0.17,0.0,0.06,0.0,-0.293,0.256,0.375,-0.317,1.5,1.08,1.0,1.0,185.535,60.96,98.427,60.96,1.019,1.055,1.656,-8.44,0.06,-0.17,0.208,-0.334,1.08,1.5,98.427,185.535,8.461,9.402,37.123,37.42,37.123,-0.297,-27.313,-28.518,1.205,8.461,37.123,-0.20944836498990663
749,5_5,1_1_1_1,45.848,45.848,45.329,45.329,-18.201,-18.201,-21.206,-21.206,0.917,1.162,1.162,0.917,-0.988,-9.029,0.06,0.06,0.66,0.66,0.382,0.255,-0.274,-0.274,1.08,1.02,1.02,1.08,98.427,98.427,164.182,164.182,1.004,1.004,1.342,-8.123,-0.2,-0.2,-0.226,-0.226,2.25,2.25,642.238,642.238,7.135,10.371,45.329,45.329,45.329,0.0,-21.206,-21.206,0.0,7.135,45.329,0.6163128900867638
948,4_6,1_3_2_3,41.777,39.558,41.278,40.69,-17.445,-17.944,-17.336,-28.939,1.115,0.854,1.129,0.948,0.845,-7.492,0.06,-0.27,0.06,-0.2,0.143,0.232,0.318,-0.203,1.08,1.08,2.25,1.53,98.427,334.486,98.427,642.238,0.975,1.037,1.376,-8.571,-0.17,0.0,-0.226,-0.472,1.5,1.0,185.535,60.96,9.415,8.868,41.278,39.558,39.558,1.72,-17.445,-28.939,11.494,8.868,39.558,0.035583155374667295
829,2_4,5_3_1_1,36.947,35.901,38.913,36.372,-10.572,-22.28,-21.068,-23.303,0.879,1.164,0.965,1.059,-0.779,-8.281,-0.2,0.06,0.06,0.66,0.377,0.252,-0.328,0.408,2.25,1.08,1.02,1.08,642.238,98.427,98.427,164.182,1.11,0.864,-0.212,-8.953,0.66,-0.17,-0.399,-0.107,1.02,1.5,164.182,185.535,8.173,8.069,36.947,35.901,35.901,1.046,-21.068,-23.303,2.235,8.069,35.901,-0.33241695549730194
656,2_8,4_1_6_4,28.186,28.844,29.255,29.39,-16.293,-16.446,-18.783,-18.987,0.885,1.11,1.086,1.019,-0.481,-7.871,-0.17,-0.17,0.66,0.0,-0.099,0.259,-0.212,-0.269,1.5,1.02,1.0,1.5,185.535,185.535,164.182,60.96,0.99,0.949,-1.494,-9.69,0.66,0.45,-0.29,-0.26,1.02,1.75,164.182,467.957,9.209,6.376,28.186,28.844,28.186,-0.658,-18.783,-18.987,0.204,6.376,28.186,-1.1087693906565164
199,2_7,2_4_1_9,34.919,38.676,37.277,39.823,-8.485,-6.181,-8.561,-7.331,1.139,0.928,1.046,0.955,-2.361,-8.712,0.66,0.42,-0.27,0.66,-0.405,0.311,0.408,-0.163,1.02,1.53,1.02,1.1,164.182,291.269,334.486,164.182,1.095,0.903,-1.149,-8.015,0.66,-0.01,-0.373,-0.136,1.02,2.7,164.182,636.378,5.654,7.562,34.919,38.676,34.919,-3.756,-8.561,-7.331,-1.23,5.654,34.919,-0.43123459533221487
213,3_4,4_1_2_3,43.025,44.422,43.439,44.547,-6.922,-7.723,-7.56,-7.893,0.98,1.111,1.093,1.05,-0.122,-7.441,-0.17,-0.27,0.66,-0.2,0.159,0.228,-0.128,-0.193,1.5,1.02,2.25,1.53,185.535,334.486,164.182,642.238,1.007,1.095,1.831,-7.467,-0.27,-0.17,0.106,-0.335,1.53,1.5,334.486,185.535,7.345,9.271,43.025,44.422,43.025,-1.397,-7.56,-7.893,0.333,7.345,43.025,0.38446376363092055
408,7_9,3_6_3_5,37.761,39.557,40.53,41.615,-3.116,-3.587,-13.581,-13.398,0.969,1.147,0.975,1.091,0.431,-7.225,-0.27,-0.2,0.0,0.06,0.174,0.225,-0.422,0.401,1.53,1.0,1.08,2.25,334.486,642.238,60.96,98.427,0.939,1.048,-1.088,-8.015,-0.01,0.42,-0.156,-0.35,2.7,1.1,636.378,291.269,8.446,6.136,37.761,39.557,37.761,-1.796,-13.581,-13.398,-0.183,6.136,37.761,-0.14524708778555373
332,4_6,5_1_3_2,29.715,34.551,30.296,38.057,-17.27,-12.994,-17.513,-11.335,1.142,0.922,1.15,0.782,-1.678,-8.481,-0.2,0.66,0.66,0.06,-0.445,0.313,0.533,-0.265,2.25,1.02,1.08,1.02,642.238,164.182,164.182,98.427,0.975,1.037,1.376,-8.571,-0.17,0.0,-0.226,-0.472,1.5,1.0,185.535,60.96,6.892,9.857,29.715,34.551,29.715,-4.835,-17.513,-12.994,-4.519,6.892,29.715,-0.9549077090805683
208,2_7,1_2_4_7,43.215,40.967,41.662,44.271,-16.015,-4.487,-7.857,-7.678,1.074,1.091,0.998,1.059,-0.243,-7.245,0.06,-0.01,-0.2,-0.27,0.255,0.226,-0.173,0.328,1.08,2.25,1.53,2.7,98.427,636.378,642.238,334.486,1.095,0.903,-1.149,-8.015,0.66,-0.01,-0.373,-0.136,1.02,2.7,164.182,636.378,7.773,6.096,41.662,40.967,40.967,0.696,-16.015,-7.678,-8.336,6.096,40.967,0.17736936161437328
613,8_8,4_6_6_3,28.573,28.573,31.573,31.573,-14.838,-14.838,-17.975,-17.975,0.978,1.109,1.064,1.051,0.569,-6.995,-0.17,-0.27,0.0,0.0,0.141,0.216,-0.368,-0.275,1.5,1.0,1.0,1.53,185.535,334.486,60.96,60.96,0.949,1.031,-0.671,-9.446,0.45,0.45,-0.246,-0.325,1.75,1.75,467.957,467.957,10.015,6.324,28.573,28.573,28.573,0.0,-17.975,-17.975,0.0,6.324,28.573,-1.0698259826971364
78,8_9,5_2_1_7,47.366,50.566,44.689,51.279,0.428,-0.714,-0.17,1.968,0.995,1.029,1.071,1.08,-0.986,-7.674,-0.2,-0.01,-0.2,0.66,-0.185,0.241,-0.024,-0.159,2.25,2.25,1.02,2.7,642.238,636.378,642.238,164.182,0.968,0.942,-1.586,-9.126,0.45,0.42,-0.289,-0.275,1.75,1.1,467.957,291.269,8.14,6.089,44.689,50.566,44.689,-5.876,-0.17,-0.714,0.545,6.089,44.689,0.5519103549601406
