#{"t_start": 1768248100.72864, "env_id": "DielsAlderReact-v0"}
r,l,t
0.000833,20,0.916658
0.000703,20,0.921158
0.000558,20,0.925409
0.04163,20,0.939741
0.000716,20,0.944235
0.032539,20,0.948539
0.000522,20,0.952791
0.029772,20,0.957073
0.042967,20,0.972468
0.042963,20,0.986196
0.000735,20,0.990414
0.000794,20,0.995456
0.000594,20,1.082883
0.002642,20,1.087257
0.001035,20,1.091662
0.007217,20,1.09707
0.002651,20,1.102028
0.042891,20,1.117898
0.042846,20,1.1337
0.042776,20,1.148208
0.04163,20,1.162463
0.000558,20,1.166784
0.00073,20,1.171202
0.044216,20,1.186114
0.002092,20,1.19036
0.001046,20,1.23899
0.000464,20,1.243345
0.000831,20,1.247592
0.044209,20,1.261869
0.043503,20,1.276245
0.043262,20,1.290341
0.002921,20,1.294579
0.000904,20,1.298909
0.01005,20,1.303239
0.042673,20,1.317419
0.000614,20,1.321767
0.001064,20,1.326298
0.04163,20,1.340591
0.010044,20,1.385637
0.001364,20,1.389878
0.04189,20,1.404164
0.005289,20,1.408537
0.001879,20,1.412872
0.041793,20,1.427255
0.001297,20,1.431579
0.043801,20,1.445546
0.041592,20,1.460208
0.001291,20,1.464494
0.042526,20,1.47876
0.000991,20,1.482989
0.001105,20,1.487235
0.002173,20,1.532499
0.000961,20,1.536933
0.001579,20,1.541289
0.04345,20,1.556935
0.000858,20,1.561429
0.001138,20,1.565864
0.001278,20,1.570566
0.000992,20,1.575115
0.000921,20,1.57947
0.043659,20,1.593973
0.043428,20,1.609553
0.042447,20,1.624253
0.04163,20,1.639553
0.044321,20,1.695944
0.04383,20,1.710564
0.001389,20,1.715314
0.001411,20,1.719774
0.002333,20,1.724154
0.043401,20,1.739047
0.04163,20,1.753928
0.043756,20,1.768957
0.043989,20,1.78379
0.042588,20,1.79837
0.001694,20,1.803181
0.041862,20,1.817423
0.04387,20,1.877533
0.043384,20,1.893376
0.042223,20,1.912145
0.041726,20,1.930634
0.043247,20,1.946851
0.043889,20,1.961524
0.04163,20,1.975877
0.041929,20,1.990652
0.044105,20,2.005379
0.00131,20,2.009985
0.005049,20,2.014197
0.043425,20,2.028756
0.043412,20,2.045783
0.04163,20,2.102815
0.04163,20,2.118527
0.042459,20,2.133435
0.001486,20,2.138204
0.041661,20,2.15374
0.042426,20,2.168137
0.043467,20,2.182699
0.043915,20,2.196904
0.001886,20,2.201593
0.041793,20,2.216427
0.044147,20,2.230994
0.002972,20,2.235539
0.04163,20,2.250148
0.04317,20,2.312638
0.042154,20,2.328461
0.042941,20,2.343383
0.042664,20,2.358723
0.043939,20,2.373895
0.003354,20,2.37848
0.043381,20,2.393714
0.042974,20,2.408417
0.044248,20,2.423115
0.04163,20,2.437771
0.001191,20,2.442177
0.044057,20,2.456682
0.043284,20,2.470871
0.042831,20,2.52892
0.00297,20,2.533407
0.042745,20,2.548044
0.042318,20,2.563039
0.042898,20,2.577936
0.042447,20,2.592822
0.04321,20,2.607655
0.042811,20,2.621863
0.043648,20,2.637305
0.043487,20,2.653238
0.043132,20,2.668631
0.001147,20,2.673162
0.043218,20,2.688188
0.043487,20,2.745399
0.043773,20,2.760098
0.043313,20,2.774827
0.043916,20,2.788973
0.044131,20,2.803665
0.042482,20,2.818015
0.043332,20,2.832805
0.04163,20,2.84769
0.042211,20,2.862297
0.04174,20,2.876768
0.043824,20,2.891409
0.043351,20,2.905834
0.04163,20,2.966767
0.0437,20,2.981599
0.042597,20,2.9968
0.007568,20,3.001476
0.043652,20,3.016404
0.043179,20,3.031147
0.04379,20,3.046272
0.042805,20,3.061976
0.043754,20,3.076802
0.043797,20,3.091531
0.044177,20,3.106213
0.042617,20,3.121503
0.043626,20,3.136062
0.022836,20,3.18428
0.04163,20,3.199164
0.04163,20,3.214157
0.04163,20,3.228927
0.043487,20,3.244074
0.044354,20,3.260643
0.04384,20,3.275301
0.044018,20,3.289648
0.04163,20,3.3048
0.043984,20,3.31937
0.043632,20,3.334654
0.044047,20,3.349275
0.043783,20,3.364318
0.04163,20,3.422333
0.042124,20,3.437385
0.043184,20,3.452456
0.042165,20,3.467342
0.043999,20,3.482502
0.041676,20,3.497319
0.04163,20,3.512189
0.041715,20,3.527285
0.041967,20,3.541599
0.04163,20,3.556838
0.041958,20,3.572722
0.042588,20,3.588358
0.042533,20,3.603572
0.043795,20,3.660454
0.04163,20,3.674363
0.043182,20,3.688709
0.04163,20,3.70274
0.04163,20,3.717312
0.04163,20,3.731303
0.043034,20,3.745511
0.043702,20,3.759882
0.042998,20,3.774333
0.001035,20,3.778796
0.042526,20,3.792976
0.043618,20,3.807081
0.04163,20,3.821081
0.043989,20,3.875692
0.042634,20,3.889566
0.043341,20,3.903807
0.041845,20,3.917663
0.043497,20,3.932417
0.04163,20,3.946293
0.043946,20,3.960407
0.043498,20,3.974411
0.044277,20,3.998402
0.042441,20,4.01288
0.041818,20,4.027136
0.043883,20,4.041144
0.041763,20,4.096213
0.04163,20,4.110383
0.042693,20,4.125083
0.04163,20,4.139279
0.044082,20,4.15331
0.043612,20,4.167819
0.042593,20,4.182058
0.042784,20,4.195971
0.043353,20,4.209917
0.043814,20,4.224366
0.04163,20,4.238609
0.042909,20,4.253101
0.043885,20,4.267167
0.04423,20,4.322125
0.042762,20,4.336098
0.043496,20,4.349914
0.042847,20,4.364151
0.042269,20,4.379225
0.043851,20,4.393281
0.043361,20,4.40749
0.043916,20,4.421423
0.04163,20,4.435728
0.043781,20,4.450187
0.043168,20,4.464088
0.042523,20,4.478491
0.022369,20,4.482888
0.04373,20,4.536789
0.042784,20,4.550771
0.043316,20,4.565499
0.04163,20,4.579971
0.04353,20,4.594489
0.043075,20,4.608895
0.043505,20,4.622687
0.04163,20,4.636816
0.043636,20,4.650819
0.001727,20,4.655275
0.042096,20,4.669158
0.041679,20,4.683197
0.04192,20,4.697715
0.04163,20,4.750131
0.042655,20,4.76362
0.042814,20,4.778158
0.042972,20,4.792728
0.001637,20,4.797259
0.043748,20,4.811458
0.042519,20,4.826021
0.04163,20,4.839969
0.022399,20,4.844199
0.042207,20,4.857998
0.043806,20,4.872161
0.04163,20,4.886778
0.044312,20,4.911064
0.042019,20,4.962813
0.04163,20,4.977191
0.043499,20,4.99112
0.04163,20,5.005643
0.043399,20,5.020023
0.042663,20,5.035175
0.04163,20,5.049585
0.04163,20,5.064157
0.043587,20,5.078557
0.043257,20,5.092783
0.043122,20,5.107063
0.04163,20,5.121062
0.044248,20,5.182919
0.04163,20,5.197137
0.043989,20,5.211234
0.043958,20,5.225034
0.043213,20,5.23977
0.044051,20,5.253811
0.04163,20,5.268276
0.041972,20,5.284195
0.041726,20,5.299598
0.005839,20,5.304474
0.042509,20,5.320635
0.04163,20,5.335661
0.043954,20,5.349338
0.042403,20,5.402525
0.04163,20,5.417223
0.04239,20,5.431863
0.042669,20,5.446507
0.044093,20,5.461308
0.04274,20,5.475232
0.043431,20,5.48979
0.042942,20,5.504579
0.043183,20,5.518861
0.043792,20,5.532176
0.042135,20,5.546346
0.04163,20,5.560746
0.044097,20,5.575107
0.043935,20,5.627621
0.04163,20,5.641638
0.041649,20,5.656223
0.044208,20,5.670546
0.043657,20,5.684776
0.042035,20,5.698701
0.04163,20,5.712842
0.043138,20,5.727132
0.043971,20,5.741507
0.042403,20,5.755172
0.04292,20,5.769462
0.043284,20,5.783919
0.043304,20,5.79818
0.04163,20,5.849167
0.001724,20,5.853738
0.042301,20,5.86777
0.001732,20,5.872191
0.04163,20,5.88644
0.043927,20,5.901077
0.044026,20,5.915023
0.04308,20,5.929167
0.043563,20,5.943334
0.04163,20,5.957318
0.043508,20,5.970746
0.041937,20,5.984548
0.043323,20,5.998506
0.04163,20,6.049766
0.043316,20,6.064
0.044296,20,6.08005
0.042386,20,6.094345
0.044115,20,6.108105
0.044044,20,6.122239
0.043252,20,6.13756
0.042103,20,6.153523
0.042099,20,6.167808
0.041768,20,6.182015
0.04163,20,6.196718
0.041919,20,6.210827
0.04163,20,6.263229
0.042655,20,6.277334
0.04163,20,6.291935
0.03585,20,6.29638
0.04163,20,6.310719
0.04163,20,6.325105
0.04163,20,6.339344
0.043982,20,6.353128
0.043209,20,6.367359
0.042344,20,6.381349
0.04163,20,6.395702
0.04163,20,6.409982
0.042146,20,6.423843
0.043213,20,6.476095
0.043434,20,6.490444
0.003677,20,6.494967
0.042049,20,6.509114
0.04163,20,6.523189
0.04244,20,6.53755
0.041836,20,6.551537
0.042552,20,6.565476
0.04408,20,6.579644
0.042921,20,6.594873
0.044058,20,6.608981
0.042116,20,6.623405
0.044187,20,6.637328
0.04163,20,6.68937
0.042593,20,6.70483
0.042873,20,6.719246
0.04163,20,6.733465
0.042309,20,6.748095
0.04163,20,6.762308
0.042822,20,6.776753
0.043074,20,6.791349
0.04163,20,6.805918
0.043833,20,6.820479
0.043794,20,6.83467
0.043587,20,6.849053
0.043171,20,6.864035
0.041913,20,6.920457
0.042467,20,6.935273
0.043323,20,6.949701
0.043408,20,6.964244
0.021698,20,6.96902
0.04378,20,6.98391
0.041849,20,6.999408
0.04179,20,7.013395
0.04391,20,7.027637
0.04163,20,7.042272
0.043939,20,7.056607
0.04163,20,7.070621
0.04163,20,7.085599
0.042026,20,7.14077
0.04163,20,7.155968
0.043765,20,7.170588
0.042813,20,7.210364
0.001633,20,7.215117
0.043591,20,7.230015
0.00126,20,7.234844
0.010103,20,7.239356
0.043554,20,7.254256
0.042916,20,7.26842
0.043784,20,7.282523
0.042785,20,7.296733
0.043436,20,7.350921
0.044143,20,7.36564
0.036784,20,7.371786
0.044173,20,7.387076
0.044189,20,7.402554
0.043231,20,7.416562
0.042933,20,7.431377
0.042102,20,7.44599
0.042892,20,7.461276
0.04163,20,7.475941
0.042923,20,7.491008
0.042288,20,7.505585
0.04163,20,7.520781
0.036229,20,7.565927
0.043696,20,7.581058
0.043325,20,7.5963
0.04163,20,7.61102
0.01464,20,7.615725
0.043777,20,7.630225
0.04163,20,7.644528
0.043375,20,7.658578
0.04163,20,7.673723
0.043172,20,7.689032
0.042364,20,7.703739
0.043311,20,7.718412
0.04163,20,7.733461
0.04163,20,7.788831
0.042071,20,7.803014
0.012613,20,7.807734
0.042629,20,7.841233
0.043646,20,7.856153
0.042964,20,7.870974
0.04367,20,7.885649
0.04163,20,7.900723
0.043192,20,7.916065
0.044026,20,7.930496
0.043271,20,7.945183
0.041674,20,7.95974
0.043525,20,7.974348
0.044328,20,8.031358
0.041989,20,8.046127
0.042844,20,8.061159
0.043053,20,8.076245
0.044209,20,8.091381
0.04163,20,8.10643
0.043432,20,8.120169
0.04163,20,8.134918
0.044354,20,8.151108
0.041916,20,8.166096
0.042953,20,8.183028
0.043577,20,8.197587
0.04163,20,8.211941
0.043765,20,8.266716
0.043648,20,8.281771
0.042512,20,8.296326
0.043291,20,8.31115
0.043199,20,8.325797
0.043342,20,8.340951
0.043114,20,8.355015
0.04163,20,8.369657
0.04343,20,8.383958
0.044191,20,8.399035
0.044186,20,8.414136
0.042968,20,8.428574
0.04163,20,8.483108
0.041829,20,8.498518
0.04163,20,8.513468
0.043935,20,8.527601
0.043232,20,8.541903
0.043813,20,8.557105
0.043908,20,8.57177
0.044171,20,8.586724
0.043484,20,8.601528
0.043164,20,8.616346
0.044069,20,8.631141
0.041851,20,8.645797
0.04228,20,8.660594
0.042458,20,8.71476
0.04345,20,8.729698
0.04163,20,8.744908
0.04163,20,8.759706
0.041999,20,8.77454
0.042829,20,8.789079
0.002492,20,8.793758
0.04163,20,8.808715
0.042797,20,8.82331
0.042958,20,8.838064
0.04163,20,8.853519
0.043425,20,8.868088
0.042023,20,8.882464
0.044026,20,8.934559
0.043978,20,8.948307
0.043132,20,8.962242
0.044035,20,8.976389
0.042512,20,8.991083
0.04163,20,9.005502
0.04163,20,9.020337
0.04163,20,9.034695
0.04276,20,9.049287
0.04163,20,9.063082
0.042222,20,9.077418
0.043569,20,9.091939
0.043726,20,9.10677
0.04163,20,9.162489
0.044229,20,9.176719
0.04163,20,9.191258
0.04163,20,9.2056
0.041747,20,9.219846
0.044163,20,9.234618
0.042186,20,9.248788
0.04163,20,9.263213
0.04163,20,9.277724
0.04163,20,9.292002
0.043933,20,9.305596
0.04163,20,9.319722
0.043619,20,9.333937
0.041669,20,9.387961
0.04163,20,9.402068
0.04163,20,9.41669
0.04163,20,9.430832
0.043907,20,9.445332
0.041915,20,9.459237
0.04163,20,9.4736
0.042979,20,9.48801
0.042839,20,9.501841
0.043793,20,9.516335
0.042448,20,9.530138
0.043688,20,9.544148
0.042632,20,9.598811
0.042492,20,9.612907
0.043623,20,9.62693
0.044193,20,9.641093
0.044008,20,9.655475
0.042705,20,9.669331
0.04261,20,9.683767
0.044128,20,9.697879
0.042775,20,9.711881
0.042268,20,9.726463
0.043964,20,9.740387
0.043376,20,9.754513
0.04163,20,9.768766
0.041729,20,9.823254
0.043555,20,9.837616
0.043773,20,9.851352
0.001729,20,9.855905
0.044016,20,9.870331
0.044364,20,9.885813
0.04328,20,9.900363
0.04163,20,9.914704
0.04163,20,9.928955
0.04163,20,9.943353
0.04368,20,9.957344
0.043131,20,9.971303
0.043961,20,9.985246
0.042889,20,10.036722
0.04163,20,10.050969
0.043645,20,10.06497
0.043939,20,10.078545
0.043791,20,10.092166
0.042279,20,10.10609
0.043338,20,10.120213
0.04163,20,10.134422
0.04168,20,10.148711
0.04163,20,10.162818
0.043766,20,10.176151
0.043448,20,10.18974
0.043537,20,10.203673
0.043646,20,10.25517
0.04163,20,10.269617
0.04163,20,10.283776
0.041661,20,10.297787
0.042408,20,10.312261
0.043556,20,10.326866
0.043854,20,10.341014
0.04163,20,10.355001
0.04163,20,10.369476
0.044063,20,10.383435
0.044334,20,10.407916
0.043373,20,10.421705
0.043571,20,10.436064
0.04163,20,10.487112
0.042293,20,10.501003
0.042212,20,10.514496
0.042355,20,10.528431
0.043241,20,10.542902
0.04421,20,10.556946
0.04245,20,10.57107
0.04163,20,10.585381
0.044199,20,10.599882
0.044327,20,10.615593
0.043288,20,10.630077
0.042527,20,10.643979
0.042171,20,10.695227
0.043297,20,10.709302
0.044211,20,10.723317
0.04163,20,10.737376
0.043421,20,10.751357
0.044237,20,10.765697
0.043095,20,10.779824
0.043592,20,10.793837
0.044091,20,10.807434
0.043885,20,10.821356
0.04193,20,10.835679
0.04422,20,10.849981
0.04277,20,10.863455
0.042707,20,10.917556
0.003951,20,10.922078
0.041761,20,10.936594
0.04163,20,10.950875
0.04163,20,10.965311
0.043163,20,10.979657
0.043344,20,10.994077
0.04163,20,11.007978
0.04163,20,11.021937
0.044068,20,11.036174
0.042663,20,11.050456
0.04163,20,11.0646
0.042812,20,11.078692
0.042008,20,11.130348
0.043558,20,11.144996
0.04163,20,11.159422
0.043763,20,11.174439
0.043031,20,11.189388
0.042126,20,11.203192
0.044144,20,11.227063
0.04254,20,11.242309
0.043691,20,11.256601
0.043768,20,11.27106
0.043502,20,11.285459
0.043734,20,11.299669
0.043935,20,11.314542
0.041918,20,11.36734
0.044224,20,11.381665
0.044092,20,11.395763
0.043989,20,11.409258
0.0,20,11.413298
0.043796,20,11.426913
0.044126,20,11.44129
0.0419,20,11.455556
0.04163,20,11.46999
0.043725,20,11.48441
0.04403,20,11.498735
0.04163,20,11.512773
0.043619,20,11.526995
0.043817,20,11.578147
0.043979,20,11.592555
0.042731,20,11.60656
0.04163,20,11.620546
0.04163,20,11.634588
0.04163,20,11.648902
0.042096,20,11.663059
0.043833,20,11.676959
0.043863,20,11.69058
0.043228,20,11.704333
0.044098,20,11.718142
0.044093,20,11.732306
0.04163,20,11.78375
0.041273,20,11.797666
0.041681,20,11.810925
0.04163,20,11.824945
0.043779,20,11.838649
0.041896,20,11.852659
0.042523,20,11.86661
0.043922,20,11.880725
0.043353,20,11.894738
0.04163,20,11.908659
0.044067,20,11.922895
0.043013,20,11.937281
0.043412,20,11.951245
0.043737,20,12.002483
0.041876,20,12.016849
0.042047,20,12.030501
0.042899,20,12.045458
0.04433,20,12.061754
0.044012,20,12.076257
0.04163,20,12.090618
0.043333,20,12.105126
0.043442,20,12.12012
0.042536,20,12.135075
0.043457,20,12.150296
0.04163,20,12.165705
0.043137,20,12.179966
0.041677,20,12.235517
0.043927,20,12.251266
0.043509,20,12.265688
0.042092,20,12.280173
0.041875,20,12.294778
0.04163,20,12.309536
0.042684,20,12.324071
0.04163,20,12.338561
0.04163,20,12.352803
0.044226,20,12.367067
0.04295,20,12.382201
0.043484,20,12.396789
0.042276,20,12.412406
0.044184,20,12.466406
0.043869,20,12.480713
0.041863,20,12.495712
0.044196,20,12.510342
0.043952,20,12.525527
0.044227,20,12.540008
0.04163,20,12.554264
0.044229,20,12.569293
0.043469,20,12.584119
0.044015,20,12.598477
0.04211,20,12.612325
0.041988,20,12.626599
0.04291,20,12.641084
0.04274,20,12.698347
0.043949,20,12.71318
0.044178,20,12.728022
0.044329,20,12.76259
0.04163,20,12.777663
0.043887,20,12.792205
0.04163,20,12.807236
0.042043,20,12.821393
0.04163,20,12.836173
0.043207,20,12.851051
0.04228,20,12.865571
0.042662,20,12.880304
0.044164,20,12.93791
0.043412,20,12.953113
0.044202,20,12.968551
0.04163,20,12.98275
0.04163,20,12.997103
0.042692,20,13.012137
0.04163,20,13.026672
0.04271,20,13.041156
0.043338,20,13.055897
0.012619,20,13.060792
0.04194,20,13.075831
0.04417,20,13.091357
0.044094,20,13.106122
0.042006,20,13.160413
0.04163,20,13.175017
0.042249,20,13.189994
0.043087,20,13.204959
0.043953,20,13.219323
0.043503,20,13.233938
0.042635,20,13.249315
0.042044,20,13.264603
0.04163,20,13.279305
0.042622,20,13.294043
0.042784,20,13.308554
0.04163,20,13.323794
0.043309,20,13.338529
0.042319,20,13.393313
0.042082,20,13.407527
0.044225,20,13.422652
0.042034,20,13.437176
0.042646,20,13.452285
0.04163,20,13.467246
0.042485,20,13.482343
0.043119,20,13.496722
0.042103,20,13.511379
0.04163,20,13.526573
0.04163,20,13.541263
0.04163,20,13.556393
0.043555,20,13.571133
0.04163,20,13.626116
0.043459,20,13.641971
0.042617,20,13.656808
0.042514,20,13.671709
0.04163,20,13.686696
0.04356,20,13.70122
0.04163,20,13.716404
0.042906,20,13.731823
0.042557,20,13.746156
0.04163,20,13.76104
0.041716,20,13.775524
0.042496,20,13.790512
0.04205,20,13.804949
0.043399,20,13.859457
0.04163,20,13.874551
0.041705,20,13.88913
0.043637,20,13.903561
0.04163,20,13.917876
0.043358,20,13.932665
0.043906,20,13.947058
0.04163,20,13.961979
0.044307,20,13.98668
0.04163,20,14.001573
0.043524,20,14.016133
0.042738,20,14.029854
0.043952,20,14.086304
0.042247,20,14.101126
0.042132,20,14.115158
0.044092,20,14.129508
0.043386,20,14.144355
0.043115,20,14.158935
0.041961,20,14.172726
0.04163,20,14.187198
0.04163,20,14.20174
0.044133,20,14.215878
0.04163,20,14.230294
0.04163,20,14.244489
0.043003,20,14.258883
0.04163,20,14.310733
0.042975,20,14.325187
0.04279,20,14.339054
0.04163,20,14.353473
0.042429,20,14.367656
0.043443,20,14.381562
0.04163,20,14.395808
0.042509,20,14.409885
0.042038,20,14.423646
0.04163,20,14.437385
0.043737,20,14.451349
0.04163,20,14.465492
0.043626,20,14.479806
0.041694,20,14.53076
0.04163,20,14.545135
0.04163,20,14.559591
0.041952,20,14.573981
0.043986,20,14.587486
0.0443,20,14.60339
0.041728,20,14.617049
0.043303,20,14.631192
0.044172,20,14.645428
0.043676,20,14.659198
0.044095,20,14.673307
0.04163,20,14.687571
0.043726,20,14.701763
0.043608,20,14.752254
0.042983,20,14.766404
0.04163,20,14.780799
0.043171,20,14.795159
0.04163,20,14.809099
0.04163,20,14.822888
0.04163,20,14.837276
0.043259,20,14.851291
0.041987,20,14.865404
0.042141,20,14.880461
0.043249,20,14.894031
0.044198,20,14.90792
0.04163,20,14.9222
0.043919,20,14.976122
0.042336,20,14.990233
0.042065,20,15.004294
0.043792,20,15.018349
0.042886,20,15.032279
0.04163,20,15.046467
0.043814,20,15.060467
0.04163,20,15.074314
0.042545,20,15.089099
0.044039,20,15.103169
0.043182,20,15.116869
0.042087,20,15.131327
0.04163,20,15.185641
0.043576,20,15.199894
0.042966,20,15.213858
0.043652,20,15.228169
0.04163,20,15.242414
0.041916,20,15.256134
0.043693,20,15.270303
0.042386,20,15.284395
0.043688,20,15.297928
0.042863,20,15.312203
0.043773,20,15.326371
0.043958,20,15.340668
0.04163,20,15.355152
0.043377,20,15.411118
0.043407,20,15.424945
0.04163,20,15.438896
0.043853,20,15.452735
0.041927,20,15.466684
0.04163,20,15.480988
0.042745,20,15.494938
0.042176,20,15.508802
0.043825,20,15.522735
0.043406,20,15.537215
0.044052,20,15.551348
0.044207,20,15.565296
0.043341,20,15.579051
0.044115,20,15.633337
0.042414,20,15.647533
0.042385,20,15.66175
0.04249,20,15.675966
0.044202,20,15.690477
0.044066,20,15.704585
0.043688,20,15.718474
0.04163,20,15.732501
0.04163,20,15.746751
0.04163,20,15.761266
0.043154,20,15.775081
0.04163,20,15.789123
0.0426,20,15.803103
0.043407,20,15.853477
0.041913,20,15.86749
0.04269,20,15.881678
0.042611,20,15.895753
0.042184,20,15.909724
0.0443,20,15.925485
0.04163,20,15.939346
0.043173,20,15.953285
0.043579,20,15.967239
0.04163,20,15.981262
0.042798,20,15.995306
0.042307,20,16.008826
0.04163,20,16.022738
0.04163,20,16.073155
0.043371,20,16.087297
0.04163,20,16.101266
0.043681,20,16.11581
0.0419,20,16.130307
0.04163,20,16.144487
0.04163,20,16.158931
0.042804,20,16.172796
0.042779,20,16.187558
0.04371,20,16.202552
0.042598,20,16.217613
0.04163,20,16.231988
0.04163,20,16.286753
0.042826,20,16.301439
0.042365,20,16.316396
0.043051,20,16.330512
0.04163,20,16.344966
0.042849,20,16.358742
0.043048,20,16.373071
0.042078,20,16.387625
0.044013,20,16.401943
0.043236,20,16.416458
0.04163,20,16.430688
0.042278,20,16.445068
0.044012,20,16.459435
0.04163,20,16.511433
0.043663,20,16.525467
0.043909,20,16.53956
0.04163,20,16.554412
0.042607,20,16.568576
0.042853,20,16.582458
0.04163,20,16.596938
0.044214,20,16.610903
0.043705,20,16.625013
0.04354,20,16.638893
0.04163,20,16.65311
0.04163,20,16.667345
0.041801,20,16.681188
0.044155,20,16.732509
0.04163,20,16.746397
0.042251,20,16.760483
0.043506,20,16.774789
0.04163,20,16.788834
0.04427,20,16.8125
0.043694,20,16.826528
0.043132,20,16.840789
0.042654,20,16.854418
0.04163,20,16.868467
0.044127,20,16.882129
0.04163,20,16.896483
0.04218,20,16.91067
0.042873,20,16.961654
0.04163,20,16.975678
0.043843,20,16.989923
0.043786,20,17.00406
0.041971,20,17.017902
0.04422,20,17.033759
0.042051,20,17.048373
0.04284,20,17.063167
0.042266,20,17.078302
0.04163,20,17.093187
0.04163,20,17.108669
0.04163,20,17.123945
0.04163,20,17.139736
0.042904,20,17.198572
0.042274,20,17.215155
0.042317,20,17.232009
0.041805,20,17.247981
0.04163,20,17.263517
0.04163,20,17.279813
0.04163,20,17.311495
0.042943,20,17.342436
0.043755,20,17.367649
0.044062,20,17.394796
0.044023,20,17.412389
0.04306,20,17.429128
0.044204,20,17.491816
0.043921,20,17.508484
0.04163,20,17.524239
0.042676,20,17.539462
0.043043,20,17.554945
0.04163,20,17.570115
0.04163,20,17.585366
0.044069,20,17.601183
0.04163,20,17.616435
0.042373,20,17.631465
0.04163,20,17.646759
0.043699,20,17.662141
0.042998,20,17.677573
0.043385,20,17.735493
0.04163,20,17.75106
0.043924,20,17.766177
0.042527,20,17.781612
0.042533,20,17.7976
0.043849,20,17.813036
0.04163,20,17.828088
0.044099,20,17.842398
0.04223,20,17.857883
0.044034,20,17.873105
0.042689,20,17.887815
0.04273,20,17.903245
0.043917,20,17.917873
0.043925,20,17.975347
0.04163,20,17.990536
0.04163,20,18.005573
0.042747,20,18.020037
0.044013,20,18.034751
0.04253,20,18.049155
0.041695,20,18.064982
0.042089,20,18.080275
0.04163,20,18.095799
0.04163,20,18.111036
0.04163,20,18.126668
0.04163,20,18.141766
0.042619,20,18.157453
0.041858,20,18.214688
0.043728,20,18.229837
0.04163,20,18.245707
0.043914,20,18.260777
0.04163,20,18.276162
0.04163,20,18.291633
0.04163,20,18.307212
0.04163,20,18.322839
0.04163,20,18.338158
0.04163,20,18.353475
0.04163,20,18.369266
0.04163,20,18.385
0.043369,20,18.400398
0.04163,20,18.457531
0.04163,20,18.473312
0.04163,20,18.488893
0.04163,20,18.504103
0.04163,20,18.519019
0.042716,20,18.533637
0.04163,20,18.549891
0.044334,20,18.567338
0.04163,20,18.582898
0.042283,20,18.598388
0.04163,20,18.613501
0.043238,20,18.628601
0.042258,20,18.687124
0.04163,20,18.702357
0.04163,20,18.717645
0.04428,20,18.743184
0.04163,20,18.758346
0.04163,20,18.773927
0.044015,20,18.798277
0.04163,20,18.813106
0.04163,20,18.828172
0.044091,20,18.84402
0.04163,20,18.859145
0.042173,20,18.874587
0.043161,20,18.889686
0.04163,20,18.947976
0.04163,20,18.96318
0.042722,20,18.978489
0.042778,20,18.993651
0.042491,20,19.008711
0.044277,20,19.03378
0.04163,20,19.049052
0.042808,20,19.064193
0.042702,20,19.078537
0.043563,20,19.093041
0.041649,20,19.107552
0.04163,20,19.122564
0.04163,20,19.137523
0.04163,20,19.194305
0.04163,20,19.209507
0.043003,20,19.225124
0.043038,20,19.239804
0.04163,20,19.254801
0.04163,20,19.26957
0.04163,20,19.28406
0.044104,20,19.299022
0.04286,20,19.313895
0.042154,20,19.330177
0.042759,20,19.346915
0.04163,20,19.363282
0.043828,20,19.379823
0.04163,20,19.441399
0.04163,20,19.456007
0.04163,20,19.470857
0.04163,20,19.485412
0.042136,20,19.499645
0.043022,20,19.513926
0.042883,20,19.528438
0.042093,20,19.542968
0.04163,20,19.557142
0.04163,20,19.571549
0.04163,20,19.58619
0.043604,20,19.601488
0.042454,20,19.61581
0.043781,20,19.67039
0.041803,20,19.684502
0.044183,20,19.698496
0.044202,20,19.712753
0.04163,20,19.726159
0.043011,20,19.740559
0.042125,20,19.75447
0.04163,20,19.769098
0.043366,20,19.783307
0.04163,20,19.79746
0.04163,20,19.811778
0.043153,20,19.826122
0.043751,20,19.877823
0.043893,20,19.892159
0.04163,20,19.906226
0.042799,20,19.920568
0.04163,20,19.934886
0.043156,20,19.949134
0.04163,20,19.962944
0.041936,20,19.977148
0.04163,20,19.991528
0.04163,20,20.005655
0.04163,20,20.019727
0.04163,20,20.033887
0.044156,20,20.048169
0.043409,20,20.099753
0.04163,20,20.114129
0.04163,20,20.1285
0.04163,20,20.142799
0.04163,20,20.156708
0.04163,20,20.171796
0.04163,20,20.186024
0.042798,20,20.200064
0.04163,20,20.214052
0.04163,20,20.228089
0.04163,20,20.24237
0.041878,20,20.256315
0.042616,20,20.270194
0.04163,20,20.321463
0.04163,20,20.336126
0.042658,20,20.350279
0.042728,20,20.364609
0.04163,20,20.378687
0.043772,20,20.392697
0.042947,20,20.406821
0.04163,20,20.420882
0.043252,20,20.435029
0.043802,20,20.448948
0.04163,20,20.462909
0.04163,20,20.47661
0.04163,20,20.490718
0.04163,20,20.542083
0.04163,20,20.55623
0.04163,20,20.570711
0.041712,20,20.584887
0.04163,20,20.59904
0.041911,20,20.613032
0.04348,20,20.626865
0.042021,20,20.641756
0.04163,20,20.655985
0.041862,20,20.670254
0.04163,20,20.684443
0.04163,20,20.698771
0.04339,20,20.713063
0.043101,20,20.765424
0.04163,20,20.779548
0.04163,20,20.793564
0.04163,20,20.807916
0.04163,20,20.822305
0.04163,20,20.836225
0.042564,20,20.850505
0.04163,20,20.864702
0.04163,20,20.878847
0.042932,20,20.89288
0.04163,20,20.906938
0.04163,20,20.920909
0.04163,20,20.972027
0.04163,20,20.986079
0.042944,20,21.000667
0.044103,20,21.014435
0.042577,20,21.028173
0.042477,20,21.042208
0.04163,20,21.056597
0.04163,20,21.078981
0.042927,20,21.093853
0.04163,20,21.107784
0.044262,20,21.123796
0.04163,20,21.137982
0.043984,20,21.152627
0.043756,20,21.210499
0.04163,20,21.226805
0.042714,20,21.24313
0.041749,20,21.257945
0.042826,20,21.272881
0.043347,20,21.287506
0.04163,20,21.302696
0.04163,20,21.317319
0.04163,20,21.331498
0.034565,20,21.346104
0.043338,20,21.36117
0.043718,20,21.375503
0.043077,20,21.389947
0.04163,20,21.44219
0.04163,20,21.457104
0.04163,20,21.471646
0.04163,20,21.485903
0.043179,20,21.500061
0.04163,20,21.513931
0.04163,20,21.528294
0.042064,20,21.542583
0.04163,20,21.55687
0.04268,20,21.570766
0.042826,20,21.584822
0.04163,20,21.598966
0.04163,20,21.613191
0.043543,20,21.664892
0.041711,20,21.679406
0.04163,20,21.69374
0.04163,20,21.70775
0.043628,20,21.722511
0.04163,20,21.73672
0.043488,20,21.750812
0.04163,20,21.765324
0.04163,20,21.779397
0.042491,20,21.793246
0.04163,20,21.807462
0.042119,20,21.821419
0.04163,20,21.835845
0.042224,20,21.887755
0.04163,20,21.902077
0.042822,20,21.916588
0.04163,20,21.930885
0.042429,20,21.944831
0.042528,20,21.959485
0.04163,20,21.973743
0.041653,20,21.987469
0.04163,20,22.001562
0.042494,20,22.015427
0.042736,20,22.029483
0.04163,20,22.043473
0.04206,20,22.095661
0.04346,20,22.109744
0.043744,20,22.123294
0.04163,20,22.137476
0.04163,20,22.151355
0.042625,20,22.165467
0.042052,20,22.179407
0.04163,20,22.193637
0.043916,20,22.207362
0.041879,20,22.221757
0.04163,20,22.236069
0.04274,20,22.249992
0.04163,20,22.263986
0.04163,20,22.314663
0.042567,20,22.329148
0.044054,20,22.343258
0.043397,20,22.358042
0.04163,20,22.372354
0.04163,20,22.386379
0.04163,20,22.400625
0.043906,20,22.414868
0.04163,20,22.428967
0.04163,20,22.443959
0.04163,20,22.458503
0.041971,20,22.472981
0.042726,20,22.486961
0.042595,20,22.539214
0.042388,20,22.554345
0.041643,20,22.569136
0.04163,20,22.584262
0.041942,20,22.59978
0.04163,20,22.615362
0.042266,20,22.630437
0.04183,20,22.646722
0.044129,20,22.661709
0.043771,20,22.677664
0.04163,20,22.692944
0.04163,20,22.70836
0.042932,20,22.724521
0.043033,20,22.785148
0.043484,20,22.800742
0.04163,20,22.816512
0.042503,20,22.832619
0.04163,20,22.848601
0.041973,20,22.864244
0.041691,20,22.88064
0.043098,20,22.895902
0.04163,20,22.911834
0.041979,20,22.926669
0.04163,20,22.942698
0.04163,20,22.958423
0.044175,20,22.974859
0.04163,20,23.033913
0.04163,20,23.049432
0.042798,20,23.064958
0.042071,20,23.080359
0.04163,20,23.095444
0.04163,20,23.111286
0.042061,20,23.126973
0.04163,20,23.142539
0.043142,20,23.157939
0.041856,20,23.174556
0.044106,20,23.189992
0.042111,20,23.205623
0.04163,20,23.263075
0.042098,20,23.301324
0.041755,20,23.317662
0.042073,20,23.337205
0.04163,20,23.353474
0.041965,20,23.370487
0.043448,20,23.386989
0.043737,20,23.403204
0.04163,20,23.419131
0.042584,20,23.435132
0.04293,20,23.452097
0.04163,20,23.468355
0.04163,20,23.484362
0.04163,20,23.544185
0.04202,20,23.560292
0.041923,20,23.576511
0.044075,20,23.591844
0.042343,20,23.607456
0.04163,20,23.622643
0.04163,20,23.638289
0.04163,20,23.654522
0.042446,20,23.669554
0.042098,20,23.684552
0.04373,20,23.699647
0.04163,20,23.714731
0.041847,20,23.730216
0.042372,20,23.787356
0.04163,20,23.802799
0.044091,20,23.818069
0.043519,20,23.833742
0.042338,20,23.84895
0.04163,20,23.864159
0.042348,20,23.879183
0.04211,20,23.894492
0.042568,20,23.909603
0.04163,20,23.924877
0.04163,20,23.939904
0.04163,20,23.955071
0.04163,20,23.969862
0.042641,20,24.027237
0.04163,20,24.042485
0.042436,20,24.057868
0.043433,20,24.073133
0.04163,20,24.088969
0.043957,20,24.105013
0.041804,20,24.120635
0.04163,20,24.135892
0.04163,20,24.151814
0.044184,20,24.166959
0.043849,20,24.181934
0.041946,20,24.197786
0.042268,20,24.212643
0.043319,20,24.268798
0.043523,20,24.284514
0.04163,20,24.299473
0.042685,20,24.313766
0.044173,20,24.329836
0.044018,20,24.345109
0.043442,20,24.360637
0.043092,20,24.375304
0.04163,20,24.390906
0.04163,20,24.40652
0.041639,20,24.421783
0.04163,20,24.437295
0.04163,20,24.495293
0.043637,20,24.510792
0.043382,20,24.526592
0.043423,20,24.541886
0.042957,20,24.556806
0.04163,20,24.571846
0.04163,20,24.587437
0.044095,20,24.602131
0.04163,20,24.616309
0.042249,20,24.630915
0.044097,20,24.64622
0.042289,20,24.661911
0.04163,20,24.676798
0.04268,20,24.730991
0.043252,20,24.746523
0.04163,20,24.761207
0.041871,20,24.775131
0.04163,20,24.789399
0.04163,20,24.803669
0.042923,20,24.818106
0.042374,20,24.833129
0.041846,20,24.847567
0.043313,20,24.86222
0.04163,20,24.875813
0.04163,20,24.89014
0.044288,20,24.91475
0.04163,20,24.967103
0.043621,20,24.981355
0.041752,20,24.99624
0.04373,20,25.010467
0.043463,20,25.024454
0.044173,20,25.040128
0.043443,20,25.054783
0.043417,20,25.068786
0.04163,20,25.082841
0.043368,20,25.097781
0.042483,20,25.113732
0.042974,20,25.12856
0.04411,20,25.144721
0.043946,20,25.198594
0.04163,20,25.212735
0.043718,20,25.226541
0.04163,20,25.240637
0.04163,20,25.255091
0.04163,20,25.269684
0.042007,20,25.283828
0.04163,20,25.298306
0.041711,20,25.312813
0.042663,20,25.326657
0.044028,20,25.340597
0.04163,20,25.354227
0.041982,20,25.368349
0.04163,20,25.420139
0.044104,20,25.434321
0.043804,20,25.448769
0.042144,20,25.46421
0.042179,20,25.479204
0.042602,20,25.495312
0.042012,20,25.509594
0.04163,20,25.52365
0.043385,20,25.537851
0.04163,20,25.552127
0.042644,20,25.566098
0.042434,20,25.580275
0.044037,20,25.632336
0.042223,20,25.646538
0.042143,20,25.660588
0.044039,20,25.675182
0.04197,20,25.689475
0.043855,20,25.703728
0.043363,20,25.718242
0.042663,20,25.732277
0.04163,20,25.746218
0.043875,20,25.760204
0.042172,20,25.774066
0.04163,20,25.788029
0.04163,20,25.801925
0.043001,20,25.853311
0.042707,20,25.867133
0.043895,20,25.881323
0.043394,20,25.89574
0.043618,20,25.910243
0.044302,20,25.926384
0.041966,20,25.940839
0.04163,20,25.955746
0.04163,20,25.969993
0.044012,20,25.984104
0.04163,20,25.998603
0.042845,20,26.013021
0.04163,20,26.027135
0.043899,20,26.078514
0.042697,20,26.09287
0.04163,20,26.10723
0.044243,20,26.123202
0.043141,20,26.137818
0.04163,20,26.151718
0.043619,20,26.165973
0.04163,20,26.179873
0.04163,20,26.194243
0.043314,20,26.208417
0.04163,20,26.222763
0.04163,20,26.236996
0.042074,20,26.25105
0.043284,20,26.302694
0.043374,20,26.31762
0.04163,20,26.331775
0.043954,20,26.345669
0.042122,20,26.359738
0.04163,20,26.373484
0.043014,20,26.387818
0.042086,20,26.401943
0.04163,20,26.416296
0.044318,20,26.432118
0.04163,20,26.446553
0.043275,20,26.460752
0.044273,20,26.476229
0.04163,20,26.528193
0.04163,20,26.54246
0.044228,20,26.556457
0.04163,20,26.570426
0.043535,20,26.584668
0.04163,20,26.598921
0.04163,20,26.613684
0.042386,20,26.627392
0.043338,20,26.641529
0.042164,20,26.655374
0.04163,20,26.669627
0.04163,20,26.683806
0.043333,20,26.735601
0.043188,20,26.750429
0.042407,20,26.764452
0.043276,20,26.788285
0.044336,20,26.806107
0.04163,20,26.820421
0.04385,20,26.834719
0.042048,20,26.848328
0.04163,20,26.862721
0.043025,20,26.876841
0.042937,20,26.891191
0.043502,20,26.90565
0.04163,20,26.920268
0.04163,20,26.978062
0.043869,20,26.99371
0.043796,20,27.008778
0.04416,20,27.026522
0.04163,20,27.041475
0.04416,20,27.056398
0.043283,20,27.070842
0.041893,20,27.085492
0.044102,20,27.108371
0.042586,20,27.13094
0.044187,20,27.157912
0.042186,20,27.180275
0.04163,20,27.205386
0.04163,20,27.314227
0.042692,20,27.348423
0.04373,20,27.36728
0.043905,20,27.385159
0.04163,20,27.401188
0.042334,20,27.4163
0.04163,20,27.431619
0.044192,20,27.446714
0.041845,20,27.461638
0.04163,20,27.477373
0.041811,20,27.492555
0.04163,20,27.517165
0.043021,20,27.532701
0.042052,20,27.59537
0.044146,20,27.610497
0.041678,20,27.625345
0.04163,20,27.640352
0.042371,20,27.654492
0.04222,20,27.66928
0.043425,20,27.684162
0.043826,20,27.698032
0.04163,20,27.711987
0.043723,20,27.726074
0.042371,20,27.740658
0.042178,20,27.7551
0.043986,20,27.770097
0.044017,20,27.824083
0.04163,20,27.839259
0.042132,20,27.85418
0.04163,20,27.868897
0.043254,20,27.883239
0.043893,20,27.897919
0.041735,20,27.91204
0.042694,20,27.926917
0.04163,20,27.941691
0.043988,20,27.957691
0.04163,20,27.973547
0.04163,20,27.988795
0.04163,20,28.043202
0.043588,20,28.058061
0.04163,20,28.073447
0.042705,20,28.08785
0.042096,20,28.101941
0.04321,20,28.116354
0.042669,20,28.130497
0.042628,20,28.144991
0.042028,20,28.15947
0.04163,20,28.174401
0.043728,20,28.189052
0.043139,20,28.20416
0.042894,20,28.218828
0.04163,20,28.274473
0.044361,20,28.298246
0.044081,20,28.312786
0.044344,20,28.329814
0.04163,20,28.344757
0.043859,20,28.359573
0.04163,20,28.374415
0.04163,20,28.389125
0.043397,20,28.403029
0.04428,20,28.426928
0.042561,20,28.441333
0.04163,20,28.455849
0.04163,20,28.471063
0.042805,20,28.529583
0.042747,20,28.544439
0.042944,20,28.558966
0.044188,20,28.573958
0.043634,20,28.589761
0.04163,20,28.604565
0.044092,20,28.619333
0.043704,20,28.634786
0.043333,20,28.648911
0.042952,20,28.664211
0.04163,20,28.678562
0.043282,20,28.69369
0.043866,20,28.708208
0.04163,20,28.764087
0.041775,20,28.778996
0.043642,20,28.793363
0.04163,20,28.80809
0.043673,20,28.822725
0.042698,20,28.837819
0.041722,20,28.852745
0.04163,20,28.867287
0.04163,20,28.882215
0.043237,20,28.896739
0.042082,20,28.910968
0.04208,20,28.92562
0.042692,20,28.940674
0.04317,20,28.995501
0.04163,20,29.010416
0.04322,20,29.024968
0.043762,20,29.040111
0.043146,20,29.055072
0.042069,20,29.069866
0.042028,20,29.084366
0.04163,20,29.099144
0.042498,20,29.113753
0.042619,20,29.128154
0.04163,20,29.143354
0.04408,20,29.158015
0.043732,20,29.212774
0.04163,20,29.22762
0.042565,20,29.241965
0.043722,20,29.256607
0.04163,20,29.271161
0.043179,20,29.285761
0.04163,20,29.300417
0.04163,20,29.315108
0.04163,20,29.329342
0.043427,20,29.344515
0.04163,20,29.359012
0.044022,20,29.373997
0.04163,20,29.389117
0.041744,20,29.445107
0.04163,20,29.459753
0.042712,20,29.474348
0.043979,20,29.489157
0.04423,20,29.50399
0.043351,20,29.518983
0.043519,20,29.533831
0.043903,20,29.547879
0.044205,20,29.562842
0.042508,20,29.577211
0.04163,20,29.591483
0.04163,20,29.606084
0.044047,20,29.620335
0.043521,20,29.675736
0.043177,20,29.690293
0.04273,20,29.704013
0.009211,20,29.708532
0.042225,20,29.723415
0.043369,20,29.738706
0.043694,20,29.753042
0.043066,20,29.767383
0.043279,20,29.782414
0.04205,20,29.797202
0.043012,20,29.811983
0.04163,20,29.827056
0.042493,20,29.842817
0.043078,20,29.900837
0.041659,20,29.91488
0.044193,20,29.92895
0.04163,20,29.94321
0.0443,20,29.967686
0.042529,20,29.98181
0.041731,20,29.995704
0.041689,20,30.010178
0.041875,20,30.024058
0.042266,20,30.038273
0.043115,20,30.052645
0.043677,20,30.066873
0.042834,20,30.081528
0.043146,20,30.135886
0.04163,20,30.151552
0.04347,20,30.166799
0.041958,20,30.182826
0.043837,20,30.197803
0.042023,20,30.213132
0.04163,20,30.228246
0.04163,20,30.243605
0.042793,20,30.258376
0.042277,20,30.274171
0.042375,20,30.289641
0.042816,20,30.305319
0.041678,20,30.371961
0.042545,20,30.388664
0.044069,20,30.407889
0.04163,20,30.424595
0.04163,20,30.449946
0.042393,20,30.467514
0.0423,20,30.482789
0.04163,20,30.497638
0.043687,20,30.512462
0.043829,20,30.526759
0.04268,20,30.541688
0.04211,20,30.556688
0.043712,20,30.57213
0.043833,20,30.62872
0.043213,20,30.643906
0.04163,20,30.660215
0.044251,20,30.678027
0.04163,20,30.692854
0.044073,20,30.708094
0.031237,20,30.714466
0.041682,20,30.72935
0.042922,20,30.745134
0.001834,20,30.751733
0.04163,20,30.770062
0.04163,20,30.792767
0.044308,20,30.825671
0.04163,20,30.881367
0.04163,20,30.896081
0.04163,20,30.910253
0.04163,20,30.924231
0.04163,20,30.93816
0.04163,20,30.952835
0.04163,20,30.967179
0.04163,20,30.981292
0.041682,20,30.995702
0.041972,20,31.010289
0.042057,20,31.024558
0.042722,20,31.038344
0.042181,20,31.052687
0.044239,20,31.10375
0.04163,20,31.118073
0.04226,20,31.132629
0.04163,20,31.146618
0.04163,20,31.16117
0.041654,20,31.176079
0.041846,20,31.190215
0.04163,20,31.204314
0.042567,20,31.218253
0.04163,20,31.234013
0.04163,20,31.248335
0.044355,20,31.264069
0.04163,20,31.279751
0.043334,20,31.333827
0.044051,20,31.347994
0.043839,20,31.362467
0.043696,20,31.376853
0.043069,20,31.390869
0.042768,20,31.404941
0.043213,20,31.418917
0.041837,20,31.433533
0.042117,20,31.447732
0.04163,20,31.462504
0.04163,20,31.47668
0.042571,20,31.491385
0.042672,20,31.542793
0.041662,20,31.557262
0.043353,20,31.571283
0.043075,20,31.586663
0.044145,20,31.600985
0.041859,20,31.614961
0.043903,20,31.628895
0.04163,20,31.643142
0.041875,20,31.657889
0.043828,20,31.672186
0.04163,20,31.686448
0.044104,20,31.70084
0.042485,20,31.715264
0.042026,20,31.766515
0.042936,20,31.781515
0.04309,20,31.795804
0.04314,20,31.810007
0.043856,20,31.824039
0.04163,20,31.838259
0.042094,20,31.852787
0.044083,20,31.867025
0.044179,20,31.881562
0.042134,20,31.895788
0.043627,20,31.910472
0.043876,20,31.924993
0.04292,20,31.939055
0.043969,20,31.990972
0.04163,20,32.005649
0.043981,20,32.019879
0.041639,20,32.034393
0.04163,20,32.048392
0.042181,20,32.062227
0.04163,20,32.076327
0.042993,20,32.090585
0.04351,20,32.104727
0.042239,20,32.118817
0.042554,20,32.132929
0.042618,20,32.147142
0.04163,20,32.161288
0.043093,20,32.212966
0.04322,20,32.227354
0.044362,20,32.243373
0.04163,20,32.257429
0.044201,20,32.271785
0.04163,20,32.286014
0.043998,20,32.301032
0.04163,20,32.315135
0.043147,20,32.329294
0.04163,20,32.3432
0.043267,20,32.357337
0.043845,20,32.371356
0.04163,20,32.385479
0.042491,20,32.437305
0.041651,20,32.451258
0.04353,20,32.465665
0.044015,20,32.480097
0.041975,20,32.493997
0.041881,20,32.5081
0.042457,20,32.522448
0.043472,20,32.536625
0.04329,20,32.550572
0.043038,20,32.5647
0.043255,20,32.578448
0.04163,20,32.592862
0.04163,20,32.644374
0.042367,20,32.658653
0.043774,20,32.673377
0.042486,20,32.688028
0.042293,20,32.702005
0.043132,20,32.716256
0.04297,20,32.730395
0.043643,20,32.744745
0.043079,20,32.758936
0.043207,20,32.772512
0.04163,20,32.786432
0.043326,20,32.800824
0.043936,20,32.815029
0.04163,20,32.86615
0.04163,20,32.880616
0.04163,20,32.894938
0.04163,20,32.908833
0.04163,20,32.923209
0.041907,20,32.937494
0.044176,20,32.952009
0.04163,20,32.966237
0.042046,20,32.980294
0.04163,20,32.994542
0.042655,20,33.008529
0.04163,20,33.022955
0.04163,20,33.037356
0.042483,20,33.090785
0.041808,20,33.104583
0.04163,20,33.118777
0.04163,20,33.133412
0.043232,20,33.148101
0.04163,20,33.162636
0.04163,20,33.177276
0.041891,20,33.191546
0.042744,20,33.206304
0.04163,20,33.220703
0.04163,20,33.235525
0.04163,20,33.250273
0.04163,20,33.264715
0.042462,20,33.31989
0.042018,20,33.334217
0.044152,20,33.349893
0.04163,20,33.365938
0.044365,20,33.390651
0.04163,20,33.405193
0.04163,20,33.419642
0.043095,20,33.434156
0.043109,20,33.44895
0.042943,20,33.463603
0.042052,20,33.478194
0.043259,20,33.493085
0.042297,20,33.507353
0.043531,20,33.562141
0.043117,20,33.577551
0.04163,20,33.592532
0.043493,20,33.606853
0.042337,20,33.621247
0.042726,20,33.635703
0.04163,20,33.6505
0.04163,20,33.665166
0.04163,20,33.679343
0.043451,20,33.69409
0.043358,20,33.708076
0.04163,20,33.722747
0.041729,20,33.777706
0.04163,20,33.793281
0.043581,20,33.808879
0.008073,20,33.813836
0.042632,20,33.82888
0.042962,20,33.844001
0.04163,20,33.858704
0.043494,20,33.873497
0.04163,20,33.888919
0.044292,20,33.906172
0.041963,20,33.923053
0.044035,20,33.946526
0.04293,20,33.963677
0.043644,20,34.025345
0.04163,20,34.04052
0.042861,20,34.055284
0.043842,20,34.070775
0.043084,20,34.086081
0.04163,20,34.101268
0.04163,20,34.115964
0.042697,20,34.13074
0.04163,20,34.145755
0.043343,20,34.160403
0.04163,20,34.175363
0.04163,20,34.190272
0.04163,20,34.204761
0.04163,20,34.260211
0.043359,20,34.274749
0.041718,20,34.289407
0.042308,20,34.304745
0.04163,20,34.319739
0.042107,20,34.334686
0.04163,20,34.34929
0.04163,20,34.363927
0.043808,20,34.378804
0.044027,20,34.394521
0.043772,20,34.410373
0.0439,20,34.425042
0.04163,20,34.439879
0.04163,20,34.496097
0.04163,20,34.510718
0.041852,20,34.525071
0.04207,20,34.539786
0.042475,20,34.55431
0.041979,20,34.568996
0.041771,20,34.583725
0.043797,20,34.609503
0.041097,20,34.631794
0.04163,20,34.647915
0.043196,20,34.663362
0.04334,20,34.678446
0.041714,20,34.693407
0.041744,20,34.750461
0.042545,20,34.76573
0.04163,20,34.780622
0.04163,20,34.795629
0.04163,20,34.810407
0.04163,20,34.824908
0.041669,20,34.839545
0.04163,20,34.854276
0.042864,20,34.86901
0.042276,20,34.883159
0.042033,20,34.897778
0.04163,20,34.912754
0.04163,20,34.967111
0.043643,20,34.981936
0.043002,20,34.997261
0.04163,20,35.012022
0.04307,20,35.026157
0.04191,20,35.042015
0.04163,20,35.056658
0.04163,20,35.071641
0.043171,20,35.086354
0.04163,20,35.101571
0.042657,20,35.116171
0.041922,20,35.131786
0.043565,20,35.147228
0.04163,20,35.200388
0.042565,20,35.214357
0.042852,20,35.2293
0.04163,20,35.243654
0.04281,20,35.257605
0.04292,20,35.271957
0.04163,20,35.286152
0.043057,20,35.300544
0.04163,20,35.315413
0.043354,20,35.330131
0.044179,20,35.344806
0.042706,20,35.358138
0.042447,20,35.372313
0.04163,20,35.424287
0.04422,20,35.438808
0.042975,20,35.453267
0.04163,20,35.467589
0.04163,20,35.481565
0.04163,20,35.50731
0.04163,20,35.522639
0.04163,20,35.539162
0.04163,20,35.555851
0.04163,20,35.571901
0.04163,20,35.587947
0.04163,20,35.602707
0.043597,20,35.617046
0.043075,20,35.669805
0.042508,20,35.684152
0.042236,20,35.698056
0.04163,20,35.71267
0.042165,20,35.726633
0.042761,20,35.741179
0.042765,20,35.755404
0.04281,20,35.769771
0.04248,20,35.784324
0.042803,20,35.79844
0.041975,20,35.812914
0.04163,20,35.827078
0.042575,20,35.841632
0.042304,20,35.893597
0.042663,20,35.907911
0.04163,20,35.922242
0.04163,20,35.936798
0.04163,20,35.951663
0.04163,20,35.965493
0.041972,20,35.979729
0.042082,20,35.993992
0.04163,20,36.008472
0.043752,20,36.022357
0.042285,20,36.036323
0.043977,20,36.050071
0.041698,20,36.101393
0.04163,20,36.115781
0.04336,20,36.132022
0.041828,20,36.147431
0.043989,20,36.163037
0.04163,20,36.179811
0.041794,20,36.195863
0.043439,20,36.213455
0.043203,20,36.231138
0.04163,20,36.24789
0.04395,20,36.264851
0.043999,20,36.280495
0.043121,20,36.296454
0.041906,20,36.36096
0.04163,20,36.385502
0.043855,20,36.400519
0.044123,20,36.4166
0.041832,20,36.432644
0.04163,20,36.448506
0.04163,20,36.464195
0.044029,20,36.480862
0.041913,20,36.496232
0.042856,20,36.517405
0.04163,20,36.538122
0.04163,20,36.554255
0.043731,20,36.570075
0.04163,20,36.628288
0.043489,20,36.651695
0.042572,20,36.673739
0.042674,20,36.689634
0.04163,20,36.706478
0.043357,20,36.723165
0.041645,20,36.740515
0.04163,20,36.764373
0.042156,20,36.785503
0.04163,20,36.805679
0.04163,20,36.831985
0.04431,20,36.864543
0.043506,20,36.889244
0.044329,20,36.967938
0.041839,20,36.984237
0.043468,20,37.000806
0.04327,20,37.016057
0.04163,20,37.031994
0.04163,20,37.049087
0.04163,20,37.064604
0.04163,20,37.08107
0.042883,20,37.102382
0.042491,20,37.119582
0.042625,20,37.13604
0.043597,20,37.152757
0.042585,20,37.169177
0.04163,20,37.234956
0.043001,20,37.251796
0.041901,20,37.267914
0.04163,20,37.285238
0.04163,20,37.300591
0.042332,20,37.315737
0.04163,20,37.331906
0.042381,20,37.34689
0.042486,20,37.361997
0.044015,20,37.377365
0.04163,20,37.392899
0.043075,20,37.408054
0.04163,20,37.46399
0.044199,20,37.479584
0.04163,20,37.49463
0.041691,20,37.508986
0.04163,20,37.523728
0.043665,20,37.538766
0.042886,20,37.553356
0.042693,20,37.568321
0.042587,20,37.583068
0.041698,20,37.597888
0.04163,20,37.61226
0.042091,20,37.626455
0.04202,20,37.640736
0.043509,20,37.695173
0.04163,20,37.710034
0.04163,20,37.723933
0.043826,20,37.73841
0.043844,20,37.753251
0.04163,20,37.767962
0.044191,20,37.782992
0.04163,20,37.798226
0.04163,20,37.812033
0.04163,20,37.826672
0.043934,20,37.841351
0.043878,20,37.855592
0.043849,20,37.870174
0.043108,20,37.924911
0.04163,20,37.939682
0.042854,20,37.954015
0.043634,20,37.968786
0.041827,20,37.982907
0.042554,20,37.997724
0.04163,20,38.012459
0.043438,20,38.027821
0.043285,20,38.042796
0.04163,20,38.0604
0.04163,20,38.075036
0.04163,20,38.090131
0.04163,20,38.10516
0.043645,20,38.160572
0.043859,20,38.176169
0.043281,20,38.191147
0.04305,20,38.206483
0.041997,20,38.221428
0.04163,20,38.236259
0.041966,20,38.252086
0.04163,20,38.267128
0.042677,20,38.28133
0.04163,20,38.296122
0.042527,20,38.311582
0.04163,20,38.326906
0.043615,20,38.342913
0.044307,20,38.409937
0.041937,20,38.426179
0.04163,20,38.441881
0.04163,20,38.457428
0.043256,20,38.474149
0.043898,20,38.489256
0.042401,20,38.504429
0.043774,20,38.518946
0.041717,20,38.534609
0.044184,20,38.550607
0.04163,20,38.565762
0.04163,20,38.580963
0.043262,20,38.638351
0.042206,20,38.655146
0.042048,20,38.67087
0.043373,20,38.685919
0.042335,20,38.700549
0.04163,20,38.714938
0.043614,20,38.729404
0.04163,20,38.744392
0.04163,20,38.759144
0.042075,20,38.7733
0.042819,20,38.788642
0.04163,20,38.803769
0.043479,20,38.818606
0.04325,20,38.874682
0.042305,20,38.889455
0.043029,20,38.9036
0.041852,20,38.918503
0.04163,20,38.932947
0.04163,20,38.947657
0.04163,20,38.962731
0.04163,20,38.977044
0.043954,20,38.991456
0.04163,20,39.006328
0.04163,20,39.021342
0.04163,20,39.036544
0.043818,20,39.05238
0.04163,20,39.107843
0.04163,20,39.122839
0.043252,20,39.137793
0.042332,20,39.153261
0.042399,20,39.167702
0.043574,20,39.18202
0.04163,20,39.196981
0.04163,20,39.211773
0.043026,20,39.226652
0.044075,20,39.241215
0.041872,20,39.256456
0.043863,20,39.27097
0.04163,20,39.28575
0.043973,20,39.340695
0.041802,20,39.35663
0.041825,20,39.371144
0.04163,20,39.386261
0.043008,20,39.400971
0.043185,20,39.415936
0.042646,20,39.430102
0.04251,20,39.444809
0.04163,20,39.460293
0.042888,20,39.475032
0.042308,20,39.489137
0.041656,20,39.503679
0.042411,20,39.518172
0.04309,20,39.573733
0.043311,20,39.588865
0.042552,20,39.603747
0.04276,20,39.618447
0.04292,20,39.632925
0.043258,20,39.647314
0.043127,20,39.663167
0.041651,20,39.67774
0.043829,20,39.691929
0.043063,20,39.706643
0.042957,20,39.721524
0.042801,20,39.736627
0.04163,20,39.792447
0.04163,20,39.807169
0.043914,20,39.822145
0.043035,20,39.837119
0.04163,20,39.851736
0.04385,20,39.866792
0.043599,20,39.881334
0.043657,20,39.895843
0.04163,20,39.910079
0.043379,20,39.924687
0.043632,20,39.939601
0.043279,20,39.953911
0.041859,20,39.968536
0.042621,20,40.023294
0.042797,20,40.037317
0.043644,20,40.052748
0.041845,20,40.067156
0.04163,20,40.081982
0.042913,20,40.097562
0.0436,20,40.111681
0.041697,20,40.126452
0.042124,20,40.140696
0.043969,20,40.155632
0.042045,20,40.170165
0.043468,20,40.185039
0.04163,20,40.199749
0.04163,20,40.256374
0.043448,20,40.271993
0.04163,20,40.28736
0.042571,20,40.302071
0.042374,20,40.317345
0.04358,20,40.332617
0.043939,20,40.347984
0.044338,20,40.373098
0.042313,20,40.388473
0.04163,20,40.403157
0.043608,20,40.417298
0.043186,20,40.431568
0.044199,20,40.446865
0.04163,20,40.501012
0.044224,20,40.515363
0.042333,20,40.529689
0.044037,20,40.544073
0.042171,20,40.557255
0.043183,20,40.57109
0.04163,20,40.584938
0.04163,20,40.598876
0.042672,20,40.613494
0.044083,20,40.627534
0.043706,20,40.641322
0.043272,20,40.655218
0.041999,20,40.669006
0.04403,20,40.720582
0.001843,20,40.725122
0.04163,20,40.739174
0.04254,20,40.753144
0.043708,20,40.795391
0.04163,20,40.814204
0.042607,20,40.827999
0.04163,20,40.842364
0.043158,20,40.856715
0.042768,20,40.871282
0.043502,20,40.885493
0.044163,20,40.899513
0.043077,20,40.951275
0.04163,20,40.965459
0.042594,20,40.980193
0.042476,20,40.994367
0.043174,20,41.008725
0.042317,20,41.023035
0.044181,20,41.037333
0.04163,20,41.051626
0.04163,20,41.065849
0.04163,20,41.079895
0.04163,20,41.094243
0.042035,20,41.108481
0.04163,20,41.122836
0.04163,20,41.174663
0.042754,20,41.188456
0.04163,20,41.20303
0.04163,20,41.217726
0.044034,20,41.231887
0.04163,20,41.246133
0.043524,20,41.260218
0.042802,20,41.274179
0.043445,20,41.288368
0.043132,20,41.302242
0.043565,20,41.316288
0.043536,20,41.33008
0.042824,20,41.3444
0.04415,20,41.397221
0.041778,20,41.411381
0.04163,20,41.425686
0.04163,20,41.440037
0.04163,20,41.454355
0.04163,20,41.468568
0.04163,20,41.482909
0.043364,20,41.496605
0.041815,20,41.510936
0.042289,20,41.525265
0.042105,20,41.539094
0.044073,20,41.553473
0.043133,20,41.568006
0.04163,20,41.619105
0.043721,20,41.633284
0.04163,20,41.647143
0.043668,20,41.66085
0.043072,20,41.67501
0.041904,20,41.689134
0.04225,20,41.703172
0.04163,20,41.71738
0.04163,20,41.731173
0.04163,20,41.745252
0.043829,20,41.759582
0.043426,20,41.773673
0.04163,20,41.788092
0.042825,20,41.839398
0.043028,20,41.8543
0.042444,20,41.868064
0.043244,20,41.881936
0.042354,20,41.896193
0.043956,20,41.910279
0.04163,20,41.923923
0.042906,20,41.938038
0.042036,20,41.952437
0.04163,20,41.966735
0.043627,20,41.981358
0.04163,20,41.995838
0.043736,20,42.0468
0.043297,20,42.06097
0.04163,20,42.074921
0.042836,20,42.089203
0.04351,20,42.102892
0.04163,20,42.116897
0.04163,20,42.130596
0.043751,20,42.144444
0.04234,20,42.158782
0.04163,20,42.173095
0.04357,20,42.186916
0.043584,20,42.200534
0.044074,20,42.214479
0.042843,20,42.265781
0.042514,20,42.279803
0.041692,20,42.293411
0.04304,20,42.307709
0.04217,20,42.321698
0.04163,20,42.335598
0.04163,20,42.349839
0.043153,20,42.363835
0.04163,20,42.377863
0.041842,20,42.392515
0.043028,20,42.406708
0.04413,20,42.421195
0.04196,20,42.435369
0.042555,20,42.487963
0.043025,20,42.502871
0.043498,20,42.516613
0.04163,20,42.530931
0.042927,20,42.545293
0.043366,20,42.559497
0.042999,20,42.57382
0.04163,20,42.587902
0.042576,20,42.601755
0.041846,20,42.616057
0.043328,20,42.630192
0.04163,20,42.644396
0.043856,20,42.658503
0.043536,20,42.710968
0.042336,20,42.725367
0.04163,20,42.739721
0.042529,20,42.753986
0.042992,20,42.767737
0.041828,20,42.78215
0.043893,20,42.796805
0.04163,20,42.810997
0.042042,20,42.823765
0.042755,20,42.837781
0.04163,20,42.85173
0.043005,20,42.866134
0.041966,20,42.880165
0.042445,20,42.932872
0.043088,20,42.946974
0.043402,20,42.961085
0.04163,20,42.975166
0.04163,20,42.988839
0.044157,20,43.012989
0.043384,20,43.027428
0.04163,20,43.041213
0.042399,20,43.055185
0.04163,20,43.069243
0.04163,20,43.083533
0.04405,20,43.097668
0.044337,20,43.150849
0.041932,20,43.165319
0.043684,20,43.179476
0.04163,20,43.194406
0.04163,20,43.20932
0.042866,20,43.223868
0.044298,20,43.250521
0.04163,20,43.264881
0.043146,20,43.279077
0.043196,20,43.293318
0.044347,20,43.309099
0.042348,20,43.322805
0.04163,20,43.336962
0.043496,20,43.388652
0.044168,20,43.40332
0.041673,20,43.417641
0.04163,20,43.432022
0.04163,20,43.446103
0.041782,20,43.460138
0.043414,20,43.474201
0.042439,20,43.487634
0.04163,20,43.502715
0.042153,20,43.517139
0.042925,20,43.532261
0.04163,20,43.54644
0.043146,20,43.561828
0.041725,20,43.619856
0.044024,20,43.635186
0.043337,20,43.650007
0.044337,20,43.676197
0.04163,20,43.699005
0.043883,20,43.719743
0.04313,20,43.740564
0.042465,20,43.757042
0.04408,20,43.772859
0.043764,20,43.789082
0.04163,20,43.805283
0.041728,20,43.820647
0.04163,20,43.836863
0.042041,20,43.897648
0.04163,20,43.913634
0.042588,20,43.928167
0.042543,20,43.942861
0.043715,20,43.95699
0.04265,20,43.972442
0.044071,20,43.987528
0.04163,20,44.002156
0.043019,20,44.017148
0.04163,20,44.032299
0.04163,20,44.046631
0.041887,20,44.06179
0.043333,20,44.07657
0.04163,20,44.132741
0.04287,20,44.147752
0.043182,20,44.162333
0.04163,20,44.177092
0.041546,20,44.191536
0.043958,20,44.206158
0.043997,20,44.221166
0.04163,20,44.23588
0.043788,20,44.25057
0.044351,20,44.267245
0.042806,20,44.282462
0.04163,20,44.297339
0.042552,20,44.353044
0.042783,20,44.368
0.04163,20,44.383055
0.043958,20,44.398869
0.04163,20,44.41412
0.042961,20,44.429125
0.044214,20,44.443963
0.041979,20,44.458649
0.043613,20,44.473505
0.04163,20,44.488369
0.04163,20,44.502934
0.042237,20,44.517548
0.042849,20,44.532164
0.04163,20,44.587981
0.043195,20,44.606513
0.04163,20,44.62222
0.041911,20,44.638382
0.04366,20,44.654586
0.04163,20,44.670316
0.04163,20,44.685333
0.04163,20,44.699955
0.04163,20,44.715071
0.04163,20,44.729894
0.04163,20,44.744554
0.042121,20,44.75911
0.043925,20,44.77363
0.044174,20,44.829786
0.042243,20,44.844998
0.04163,20,44.859629
0.042964,20,44.874492
0.04267,20,44.889066
0.04163,20,44.903911
0.04163,20,44.919178
0.042548,20,44.934102
0.043187,20,44.94937
0.04163,20,44.964309
0.044333,20,44.980354
0.042528,20,44.994762
0.04163,20,45.009231
0.041645,20,45.065096
0.042459,20,45.079954
0.042261,20,45.094507
0.041826,20,45.109593
0.043519,20,45.12407
0.043744,20,45.139404
0.043115,20,45.154111
0.043496,20,45.16897
0.04163,20,45.18323
0.043465,20,45.197663
0.042749,20,45.212601
0.042687,20,45.227175
0.043249,20,45.241384
0.043423,20,45.296817
0.043401,20,45.312151
0.043689,20,45.326854
0.04163,20,45.341478
0.043498,20,45.35618
0.041922,20,45.370661
0.041883,20,45.385308
0.041889,20,45.399951
0.04163,20,45.414544
0.04304,20,45.428935
0.04163,20,45.443592
0.043201,20,45.458361
0.043903,20,45.513063
0.043392,20,45.527878
0.042282,20,45.542598
0.043223,20,45.557291
0.04339,20,45.572493
0.04163,20,45.587261
0.04163,20,45.601882
0.043863,20,45.617917
0.043945,20,45.632774
0.043468,20,45.646912
0.04163,20,45.661257
0.043926,20,45.675389
0.04163,20,45.689601
0.042622,20,45.741643
0.042591,20,45.755693
0.04237,20,45.769757
0.043893,20,45.783751
0.042914,20,45.797447
0.04167,20,45.811765
0.043565,20,45.826143
0.04163,20,45.840484
0.042377,20,45.854698
0.042957,20,45.868436
0.042706,20,45.882302
0.04163,20,45.896162
0.043619,20,45.910693
0.043839,20,45.961916
0.043584,20,45.976303
0.0435,20,45.990557
0.04214,20,46.004254
0.042314,20,46.018286
0.04163,20,46.032624
0.04163,20,46.045964
0.04163,20,46.060007
0.04163,20,46.074037
0.043695,20,46.087714
0.04163,20,46.101869
0.042855,20,46.115889
0.043758,20,46.130437
0.043761,20,46.181577
0.04238,20,46.196018
0.04163,20,46.210356
0.04163,20,46.224504
0.043199,20,46.238187
0.04163,20,46.252455
0.04163,20,46.266707
0.04163,20,46.280565
0.04163,20,46.294406
0.042704,20,46.308457
0.04163,20,46.32311
0.04163,20,46.33739
0.04163,20,46.351778
